date,1a. open (CNY),1b. open (USD),2a. high (CNY),2b. high (USD),3a. low (CNY),3b. low (USD),4a. close (CNY),4b. close (USD),5. volume,6. market cap (USD),20dma,50dma,200dma,daily_return,monthly_return,annual_return,label
2021-12-28,1247.009936,195.68,1247.009936,195.68,1214.700347,190.61,1219.288691,191.33,197159.4,197159.4,179.85150000000002,202.02939999999998,125.76580499999999,-0.02218020135943155,0.005994005994006013,5.035113617724618,1
2021-12-27,1260.838695,197.85,1304.810325,204.75,1240.828417,194.71,1246.946209,195.67,1218339.79,1218339.79,179.57750000000001,203.1096,124.99298,-0.010818462160659292,0.010901012605910143,5.217450295668089,1
2021-12-26,1230.122281,193.03,1278.299893,200.59,1212.214994,190.22,1260.583787,197.81,1539530.03,1539530.03,179.365,204.3222,124.21409,0.02439150699119641,0.0070254034516112895,5.117368365712307,1
2021-12-25,1213.170899,190.37,1242.6765,195.0,1204.950116,189.08,1230.56837,193.1,1047151.86,1047151.86,179.5315,205.1814,123.454815,0.014393780205925522,-0.03772362585339106,6.7706237424547275,1
2021-12-24,1211.322816,190.08,1258.926885,197.55,1173.468978,184.14,1213.107172,190.36,1657041.94,1657041.94,180.047,206.3156,122.69418999999999,0.0017365679103300558,-0.10059059768485701,6.524229632089045,1
2021-12-23,1136.762226,178.38,1233.11745,193.5,1119.301028,175.64,1211.004181,190.03,1726907.3,1726907.3,181.128,207.38240000000002,121.95506499999999,0.06519058295964131,-0.18651541095890412,5.840138796901546,1
2021-12-22,1144.664374,179.62,1195.199885,187.55,1128.286535,177.05,1136.88968,178.4,1379639.45,1379639.45,183.888,208.2308,121.26123,-0.006847408562044133,-0.2237065401853705,5.755861201891944,1
2021-12-21,1108.21253,173.9,1163.272658,182.54,1085.079629,170.27,1144.728101,179.63,1302766.6,1302766.6,186.397,208.7162,120.54977,0.0329499712478436,-0.1385891718218002,5.543731125253636,1
2021-12-20,1146.44873,179.9,1154.605786,181.18,1073.736223,168.49,1108.21253,173.9,1448185.8,1448185.8,188.1285,209.28799999999998,119.87827999999999,-0.03351303284610685,-0.1479249350776618,5.0926901732159875,1
2021-12-19,1164.802106,182.78,1207.180561,189.43,1134.276873,177.99,1146.639911,179.93,1217882.6,1217882.6,189.3365,209.6034,119.1486,-0.01559251559251551,-0.10344312123175037,5.460287881888718,1
2021-12-18,1118.281396,175.48,1174.106248,184.24,1089.476792,170.96,1164.802106,182.78,1218448.99,1218448.99,190.232,209.956,118.38939,0.041422141188536266,-0.05167583272802745,5.81961488092351,1
2021-12-17,1127.266903,176.89,1163.01775,182.5,1069.848876,167.88,1118.472577,175.51,2308612.94,2308612.94,191.0935,210.3542,117.67559,-0.007633156168721178,-0.08788067768423236,5.355097547904928,1
2021-12-16,1137.718131,178.53,1204.4403,189.0,1111.207699,174.37,1127.075722,176.86,2482901.38,2482901.38,191.87150000000003,210.5068,116.93422999999999,-0.009298678019269535,-0.1576891936943372,5.565349092744929,1
2021-12-15,1027.597875,161.25,1163.909928,182.64,999.303087,156.81,1137.654404,178.52,3328550.89,3328550.89,193.44400000000002,210.9334,116.17857,0.10703212203894341,-0.13213417598444321,5.7268308306799565,1
2021-12-14,989.04304,155.2,1040.980545,163.35,953.35592,149.6,1027.661602,161.26,2151408.98,2151408.98,195.666,211.90220000000002,115.517215,0.0389794472005669,-0.2727846674182639,5.436291648706036,1
2021-12-13,1101.393741,172.83,1101.393741,172.83,943.414508,148.04,989.106767,155.21,2470231.82,2470231.82,198.993,212.84080000000003,114.9099,-0.10179398148148144,-0.28006864882415694,5.7565743937105225,1
2021-12-12,1097.060305,172.15,1127.011995,176.85,1068.319428,167.64,1101.20256,172.8,976615.96,976615.96,201.1325,213.3398,114.22305,0.0037757769387163354,-0.2503579020432952,6.267985951925302,1
2021-12-11,1066.726253,167.39,1107.57526,173.8,1028.107691,161.33,1097.060305,172.15,1541656.11,1541656.11,204.0505,213.8226,113.51216500000001,0.028436585220144694,-0.20897854156136553,6.651111111111112,1
2021-12-10,1153.968516,181.08,1176.40042,184.6,1064.2409,167.0,1066.726253,167.39,1862906.9,1862906.9,206.5625,214.2848,112.83229499999999,-0.07575506598199999,-0.22234610917537756,7.47540012455633,1
2021-12-09,1240.191147,194.61,1252.87282,196.6,1138.419128,178.64,1154.159697,181.11,1664934.25,1664934.25,208.26950000000002,214.197,112.04942499999999,-0.06936950824726373,-0.07127839597969321,8.509932105669414,1
2021-12-08,1212.342448,190.24,1250.769829,196.27,1169.39045,183.5,1240.191147,194.61,1670677.66,1670677.66,208.2895,213.42039999999997,111.232485,0.02323991797676017,-0.11112633598246091,9.038635929867278,1
2021-12-07,1233.563539,193.57,1300.66807,204.1,1193.351802,187.26,1212.023813,190.19,1939707.91,1939707.91,209.727,212.75900000000001,110.47616,-0.017410622029344958,-0.13171110299488675,8.97404095760023,1
2021-12-06,1252.171823,196.49,1259.946517,197.71,1122.678559,176.17,1233.499812,193.56,2815245.83,2815245.83,211.00099999999998,212.0902,109.73046000000001,-0.01461080283052485,-0.18740554156171285,9.214032421479232,1
2021-12-05,1278.873436,200.68,1303.280877,204.51,1156.262688,181.44,1251.789461,196.43,2482292.26,2482292.26,213.0895,211.31239999999997,108.92325,-0.021129217122639044,-0.1768773047267851,9.87381328019043,1
2021-12-04,1348.781955,211.65,1354.963474,212.62,1076.9863,169.0,1278.809709,200.67,4895759.09,4895759.09,214.988,210.56259999999997,108.199785,-0.05187810063784559,-0.16937787160064577,11.192187813280352,1
2021-12-03,1488.598993,233.59,1525.433199,239.37,1304.364236,204.68,1348.781955,211.65,2867134.41,2867134.41,216.48499999999999,209.33,107.375075,-0.0939640410958904,-0.07366071428571419,13.333215949723696,1
2021-12-02,1464.510187,229.81,1549.330824,243.12,1401.994,220.0,1488.66272,233.6,3042712.67,3042712.67,216.22899999999998,207.61879999999996,106.44132499999999,0.016491884600321915,0.0009855594120924405,16.99872098130013,1
2021-12-01,1328.835404,208.52,1482.481201,232.63,1324.820603,207.89,1464.510187,229.81,2589478.23,2589478.23,216.407,206.069,105.509705,0.1020476670023498,-0.01407181775279931,15.901149492914033,1
2021-11-30,1300.66807,204.1,1391.032956,218.28,1271.672285,199.55,1328.899131,208.53,2176734.39,2176734.39,217.63500000000005,204.7938,104.680555,0.021755108040570237,-0.12763554216867468,13.731688708036621,1
2021-11-29,1279.064617,200.71,1355.791925,212.75,1272.182101,199.63,1300.604343,204.09,1458763.57,1458763.57,219.38250000000002,203.66299999999998,103.86534999999999,0.016941551646818542,-0.17791831144767578,12.793219972425725,1
2021-11-28,1228.274198,192.74,1287.92267,202.1,1153.012611,180.93,1278.937163,200.69,1560980.85,1560980.85,221.76099999999997,202.78599999999997,103.080445,0.04124727612327472,-0.1962111502723486,12.997851742320677,1
2021-11-27,1225.916299,192.37,1270.652653,199.39,1214.700347,190.61,1228.274198,192.74,1028955.27,1028955.27,224.608,202.1084,102.339435,0.001663028791186072,-0.2542176133725429,12.583379142176556,1
2021-11-26,1337.884638,209.94,1341.644531,210.53,1164.29229,182.7,1226.234934,192.42,2776105.44,2776105.44,227.90899999999996,201.3452,101.591605,-0.0835833690527219,-0.18486825383377115,12.593591047812817,1
2021-11-25,1311.246752,205.76,1378.733645,216.35,1286.839311,201.93,1338.075819,209.97,1764837.19,1764837.19,229.21349999999998,200.2232,100.763405,0.020758385999027684,-0.1501598737199984,13.782455646296818,1
2021-11-24,1413.209952,221.76,1417.734569,222.47,1275.432178,200.14,1310.86439,205.7,1878172.55,1878172.55,231.28199999999998,199.4016,99.962965,-0.07237880496054117,-0.15478489542671658,13.48407948288245,1
2021-11-23,1373.826666,215.58,1440.740016,226.08,1344.066157,210.91,1413.146225,221.75,1654017.24,1654017.24,232.36299999999997,198.30920000000003,99.070125,0.028572753838304266,0.0042115750384930095,15.25828494339844,1
2021-11-22,1469.289712,230.56,1478.402673,231.99,1348.46332,211.6,1373.890393,215.59,2456703.81,2456703.81,232.62449999999998,197.457,98.209655,-0.06472604225413214,0.05733202550269745,14.227755920806345,1
2021-11-21,1386.954428,217.64,1529.448,240.0,1341.644531,210.53,1468.971077,230.51,1888280.05,1888280.05,231.294,196.22639999999998,97.28200500000001,0.059183017047282016,0.13837720381253393,14.940665952076346,1
2021-11-20,1371.723675,215.25,1409.450059,221.17,1311.756568,205.84,1386.890701,217.63,1560552.25,1560552.25,230.53699999999998,195.105,96.407035,0.011056910569105627,0.11205927439959118,13.221115707069716,1
2021-11-19,1243.887313,195.19,1399.381193,219.59,1204.376573,188.99,1371.723675,215.25,2712585.78,2712585.78,229.5595,193.62740000000002,95.560345,0.1037895492538845,0.07404820118756561,13.78395846068257,1
2021-11-18,1394.98403,218.9,1419.710106,222.78,1188.50855,186.5,1242.740227,195.01,3077799.94,3077799.94,229.8295,192.43220000000002,94.81978,-0.10929935142048053,-0.0020980452359021795,11.164556172415944,1
2021-11-17,1396.194843,219.09,1417.543388,222.44,1335.271831,209.53,1395.238938,218.94,2094790.54,2094790.54,228.65350000000004,190.6974,93.97343000000001,-0.0004565376186997927,0.1867309881294379,14.413099797251633,1
2021-11-16,1517.849686,238.18,1518.040867,238.21,1362.546987,213.81,1395.876208,219.04,2557623.67,2557623.67,226.92600000000002,189.0436,93.09215999999998,-0.08043660789252727,0.09602201651238418,13.761102500168475,1
2021-11-15,1520.717401,238.63,1569.978372,246.36,1494.334423,234.49,1517.97714,238.2,1921128.24,1921128.24,225.00849999999997,186.9924,92.11357999999998,-0.0018437814280924947,0.1359084406294706,16.511100655747345,1
2021-11-14,1539.516866,241.58,1542.1934,242.0,1468.27008,230.4,1520.781128,238.64,1075144.87,1075144.87,223.56150000000002,184.94080000000002,91.144545,-0.012210770313340835,0.1805679232215296,16.270977173708513,1
2021-11-13,1455.907042,228.46,1542.002219,241.97,1432.519233,224.79,1539.580593,241.59,1458387.39,1458387.39,221.589,182.8916,90.15233,0.05737920168067223,0.22169405815423526,17.523857354260436,1
2021-11-12,1487.005818,233.34,1523.648843,239.09,1407.283341,220.83,1456.034496,228.48,2114721.23,2114721.23,220.05249999999995,181.32019999999997,89.22931999999999,-0.020953850109268646,0.16399205257527139,17.222711393979996,1
2021-11-11,1485.221462,233.06,1570.87055,246.5,1461.89738,229.4,1487.196999,233.37,1997993.9,1997993.9,218.19849999999997,179.6132,88.29949500000001,0.0012012527349951618,0.2250393700787401,16.88166242682441,1
2021-11-10,1523.457662,239.06,1580.4296,248.0,1386.06225,217.5,1485.412643,233.09,3092477.23,3092477.23,216.06899999999996,177.43720000000002,87.3382455,-0.024891231593038743,0.3189791760977818,15.561509712807833,1
2021-11-09,1582.150229,248.27,1613.695094,253.22,1514.280974,237.62,1523.330208,239.04,2217088.06,2217088.06,212.95299999999997,175.31179999999998,86.329992,-0.03713848384757912,0.5344716908460649,16.143103027869017,1
2021-11-08,1590.753374,249.62,1614.20491,253.3,1533.781436,240.68,1582.086502,248.26,2301351.76,2301351.76,208.329,173.4018,85.283192,-0.005687279718039173,0.5800661914460283,15.566681125087584,1
2021-11-07,1646.769407,258.41,1648.362582,258.66,1565.453755,245.65,1591.135736,249.68,1923092.87,1923092.87,203.701,171.79260000000002,84.197559,-0.03389568178300573,0.5593305021234074,18.075996852246597,1
2021-11-06,1504.212108,236.04,1656.26473,259.9,1496.246233,234.79,1646.960588,258.44,3046062.46,3046062.46,198.785,169.5754,83.063873,0.09480640515123273,0.6404722610130762,18.591255041086754,1
2021-11-05,1574.439262,247.06,1585.782668,248.84,1467.887718,230.34,1504.339562,236.06,2233800.23,2233800.23,194.85899999999998,167.9,82.0409285,-0.044562269802080334,0.44662336070596886,16.362204145275886,1
2021-11-04,1550.923999,243.37,1596.36135,250.5,1491.2118,234.0,1574.502989,247.07,3552648.58,3552648.58,190.6645,166.1344,80.9672575,0.015203188560627856,0.6469137448340219,16.84646277863654,1
2021-11-03,1407.155887,220.81,1574.0569,247.0,1374.527663,215.69,1550.923999,243.37,5253716.352,5253716.352,185.997,164.44459999999998,79.8746575,0.10211937324517706,0.6439475817346665,13.174883948488855,1
2021-11-02,1299.457257,203.91,1416.141394,222.22,1280.721519,200.97,1407.219614,220.82,2876704.542,2876704.542,182.358,163.4188,78.8970555,0.08298185384992629,0.44971113445378164,13.504348283019365,1
2021-11-01,1290.662931,202.53,1348.845682,211.66,1259.88279,197.7,1299.39353,203.9,3150076.28,3150076.28,179.779,162.82659999999998,78.0164635,0.00696330682996682,0.40844097534019475,13.140965802303889,1
2021-10-31,1247.073663,195.69,1306.4035,205.0,1180.925037,185.31,1290.408023,202.49,2375757.35,2375757.35,176.89299999999997,162.3576,77.136047,0.034695963208993374,0.3723483564893255,17.283026193421396,1
2021-10-30,1276.834172,200.36,1278.491074,200.62,1193.60671,187.3,1247.13739,195.7,1609573.37,1609573.37,174.4855,162.0356,76.29480050000001,-0.023501821266403877,0.24776842642183117,18.59567032812985,1
2021-10-29,1245.034399,195.37,1307.805494,205.22,1239.171515,194.45,1277.152807,200.41,2484214.02,2484214.02,172.30700000000002,161.7854,75.4354625,0.02553474567598002,0.2615510512400854,16.440302144249515,1
2021-10-28,1175.444515,184.45,1283.334326,201.38,1157.537228,181.64,1245.353034,195.42,3503774.6,3503774.6,170.47899999999998,161.6974,74.597621,0.059244403490704034,0.2668222481524698,20.76872263871406,1
2021-10-27,1273.711549,199.87,1309.526123,205.49,1127.585538,176.94,1175.699423,184.49,5003626.21,5003626.21,168.9675,161.4768,73.80918150000001,-0.07685764323242428,0.19899915513095467,21.401253081098147,1
2021-10-26,1336.546371,209.73,1365.03234,214.2,1251.343372,196.36,1273.584095,199.85,3168707.16,3168707.16,166.6685,160.7642,72.94801749999999,-0.046971864568431054,0.21400801846677187,23.07773306667309,1
2021-10-25,1288.241305,202.15,1395.175211,218.93,1261.7946,198.0,1336.35519,209.7,4914479.29,4914479.29,164.4145,159.4102,72.0342095,0.037399821905609976,0.25471190091545504,22.69063220208776,1
2021-10-24,1260.201425,197.75,1305.511322,204.86,1180.351494,185.22,1288.177578,202.14,3573960.26,3573960.26,162.664,158.145,71.15620200000001,0.022199747155499328,0.16857440166493243,22.19236329424723,1
2021-10-23,1250.897283,196.29,1311.374206,205.78,1222.666222,191.86,1260.201425,197.75,3274703.05,3274703.05,161.4255,157.118,70.292726,0.0074379744255947955,0.17025683512841772,21.615249139419724,1
2021-10-22,1213.744442,190.46,1370.76777,215.1,1197.812692,187.96,1250.897283,196.29,8364239.42,8364239.42,160.06,155.7568,69.4261345,0.030393700787401556,0.21496657588512003,20.335869565217394,1
2021-10-21,1126.183544,176.72,1237.642067,194.21,1126.05609,176.7,1213.99935,190.5,7853710.77,7853710.77,158.613,154.161,68.592512,0.07797645993662283,0.3475277640234844,19.705621494717622,1
2021-10-20,992.675479,155.77,1127.139449,176.87,987.7685,155.0,1126.183544,176.72,3884374.7,3884374.7,156.8455,152.792,67.821412,0.1344203363718064,0.3066173752310537,18.44114411441144,1
2021-10-19,1001.278624,157.12,1016.127015,159.45,975.405462,153.06,992.739206,155.78,1821550.17,1821550.17,155.819,151.88139999999999,67.1412625,-0.008528513238289182,0.1783661119515887,18.970514710595474,1
2021-10-18,1020.332997,160.11,1038.622646,162.98,987.194957,154.91,1001.278624,157.12,2240606.17,2240606.17,154.573,150.6236,66.450884,-0.018735948038970718,0.1523285661899525,19.002546148949712,1
2021-10-17,1003.955158,157.54,1068.383155,167.65,975.851551,153.13,1020.396724,160.12,3070422.13,3070422.13,153.3845,149.3456,65.74721449999998,0.016376793195379102,0.18047773518136268,22.907071189679886,1
2021-10-16,1039.706005,163.15,1050.22096,164.8,996.435372,156.36,1003.955158,157.54,1985241.59,1985241.59,152.2895,147.9544,65.054857,-0.03456305919843128,0.15787152726738185,24.731318905675785,1
2021-10-15,955.968727,150.01,1056.275025,165.75,934.747636,146.68,1039.897186,163.18,5388612.07,5388612.07,150.93349999999998,146.1892,64.333709,0.08772163711505132,0.17285991518723498,23.353406462204315,1
2021-10-14,943.478235,148.05,991.910755,155.65,938.507529,147.27,956.032454,150.02,2654600.61,2654600.61,150.38899999999998,144.62826,63.6739315,0.013374763577411741,0.0007337735974919379,22.40953421237419,1
2021-10-13,970.880845,152.35,991.337212,155.56,919.453156,144.28,943.414508,148.04,2760546.0,2760546.0,150.4825,143.078,63.016026000000004,-0.02809873949579833,0.00013511687609768508,24.830992305142118,1
2021-10-12,922.703233,144.79,978.20945,153.5,876.947247,137.61,970.689664,152.32,3377483.32,3377483.32,150.26749999999998,141.54406,62.328258000000005,0.05215168888581867,0.225520959047389,28.107030249756356,1
2021-10-11,940.355612,147.56,981.3958,154.0,893.707448,140.24,922.575779,144.77,2211323.14,2211323.14,149.2435,140.10416,61.6693015,-0.018841070823449657,0.09038186337274978,30.37080696888273,1
2021-10-10,999.23936,156.8,1010.07295,158.5,927.546485,145.55,940.291885,147.55,2037895.69,2037895.69,148.5045,138.62918,60.999538,-0.05923233868910982,-0.034105786855197606,33.697236919459144,1
2021-10-09,1012.494576,158.88,1029.445958,161.54,982.542886,154.18,999.494268,156.84,1833309.02,1833309.02,148.3005,137.06524,60.286114000000005,-0.012715598640312242,-0.07315920104006612,36.09555345316935,1
2021-10-08,983.052702,154.26,1076.795119,168.97,971.135753,152.39,1012.367122,158.86,3735085.38,3735085.38,148.81850000000003,135.34332,59.565796,0.029819784778944758,0.07643312101910826,40.485388974486206,1
2021-10-07,980.75853,153.9,1028.681234,161.42,958.071718,150.34,983.052702,154.26,3251376.58,3251376.58,148.4845,133.71138,58.866182,0.0025346071358938183,0.012935846083130809,39.48818897637795,1
2021-10-06,1049.201328,164.64,1054.172034,165.42,956.54227,150.1,980.567349,153.87,4499161.76,4499161.76,148.40550000000002,131.91644,58.16777899999999,-0.06530190742315634,-0.030984318911770226,40.869387755102046,1
2021-10-05,1065.069351,167.13,1084.506086,170.18,1017.592736,159.68,1049.073874,164.62,3378441.71,3378441.71,148.114,129.86436,57.415455,-0.015018249267037542,0.036127895266868215,39.737441227418955,1
2021-10-04,1102.413373,172.99,1104.643818,173.34,1032.3774,162.0,1065.069351,167.13,4312499.92,4312499.92,147.7015,127.59237999999999,56.650825,-0.03381893860561913,-0.014156786409485034,44.12392677790377,1
2021-10-03,1076.9863,169.0,1133.002333,177.79,1055.191666,165.58,1102.349646,172.98,4233767.25,4233767.25,147.529,125.01557999999999,55.856934,0.023671440407148747,-0.007516208617820874,46.6817906169028,1
2021-10-02,1029.955774,161.62,1115.2225,175.0,994.523562,156.06,1076.858846,168.98,5059987.02,5059987.02,147.7945,122.53258,55.08023,0.04592720970537245,-0.05618856121537086,47.17127056073434,1
2021-10-01,900.972326,141.38,1051.176865,164.95,881.025775,138.25,1029.573412,161.56,6742166.88,6742166.88,148.6685,120.12341999999998,54.343218500000006,0.14281672207681972,-0.100445434298441,47.44087311105781,1
2021-09-30,861.843948,135.24,910.977465,142.95,854.069254,134.02,900.908599,141.37,3361454.58,3361454.58,150.58,118.12844,53.708670999999995,0.04524953789279107,-0.2476317189994678,46.282517809960204,1
2021-09-29,842.598394,132.22,893.261359,140.17,835.588424,131.12,861.907675,135.25,3685498.28,3685498.28,153.2125,116.23624,53.1089375,0.023071104387291985,-0.29195895717725895,35.39078727869558,1
2021-09-28,868.853918,136.34,888.35438,139.4,816.788959,128.17,842.47094,132.2,3899945.58,3899945.58,156.15349999999998,114.36516,52.52073600000001,-0.03043637697103052,-0.237864637380376,35.43177997630005,1
2021-09-27,864.77539,135.7,949.022484,148.92,852.157444,133.72,868.917645,136.35,5195624.27,5195624.27,158.009,112.39116,51.919140999999996,0.005234444116779757,-0.16971136280599197,35.00665469525721,1
2021-09-26,867.005835,136.05,897.339887,140.81,795.31296,124.8,864.393028,135.64,4342156.13,4342156.13,159.43800000000002,110.46773999999999,51.311965,-0.0030868734381891416,-0.044788732394366315,34.44475802236855,1
2021-09-25,886.506297,139.11,918.815886,144.18,851.010358,133.54,867.069562,136.06,3212733.31,3212733.31,159.735,108.53703999999999,50.70586,-0.022065693955293564,-0.020305299539170485,38.72902736006073,1
2021-09-24,955.26773,149.9,963.55224,151.2,816.661505,128.15,886.633751,139.13,6710404.45,6710404.45,159.7225,106.5015,50.078224,-0.07190981255419915,-0.04965846994535528,41.842186297151656,1
2021-09-23,943.287054,148.02,971.83675,152.5,910.786284,142.92,955.331457,149.91,5188932.77,5188932.77,159.547,104.2185,49.397761,0.01276854479124423,0.1690712001871637,44.53628383098933,1
2021-09-22,792.12661,124.3,964.571872,151.36,778.10667,122.1,943.287054,148.02,7460596.34,7460596.34,158.5575,101.9402,48.722871500000004,0.19092445088100418,0.3370065938036313,41.00102150842745,1
2021-09-21,846.103379,132.77,921.747328,144.64,739.2332,116.0,792.062883,124.29,9608867.72,9608867.72,157.87849999999997,100.11774000000001,48.164112499999995,-0.06386985011674329,0.147963424771405,33.188810034659184,1
2021-09-20,973.621106,152.78,977.763361,153.43,830.107902,130.26,846.103379,132.77,10153368.71,10153368.71,156.65349999999998,98.14564,47.5655165,-0.1308588635768525,0.20426303854875294,41.80693835439774,1
2021-09-19,1078.388294,169.22,1089.476792,170.96,959.72862,150.6,973.493652,152.76,4945800.1,4945800.1,154.528,95.82531999999999,46.8720875,-0.09726982626167124,0.62113976440624,43.29109886923746,1
2021-09-18,940.546793,147.59,1092.726869,171.47,918.30607,144.1,1078.388294,169.22,8229799.94,8229799.94,150.77849999999998,93.08800000000001,46.0957065,0.14663233500474315,0.7586780295156932,49.02217032723403,1
2021-09-17,970.56221,152.3,978.528085,153.55,853.9418,134.0,940.483066,147.58,7629925.55,7629925.55,148.2105,90.7611,45.432734,-0.030927835051546282,0.6774266878836099,44.8123797106848,1
2021-09-16,1011.793579,158.77,1041.93645,163.5,939.017345,147.35,970.498483,152.29,4739595.73,4739595.73,144.995,88.2728,44.7367275,-0.0409345676679892,1.0327015483182058,63.434101967421185,1
2021-09-15,1011.474944,158.72,1061.05455,166.5,979.420263,153.69,1011.921033,158.79,6107319.6,6107319.6,140.80149999999998,85.65906000000001,44.00873549999999,-0.0005664652567975992,1.20624400816973,80.79149067683115,1
2021-09-14,1080.427558,169.54,1095.021041,171.83,908.74702,142.6,1012.494576,158.88,7981396.52,7981396.52,136.45614999999998,83.04514,43.2823165,-0.0628207396920899,1.252754264324301,72.43316694398224,1
2021-09-13,1110.825337,174.31,1115.2225,175.0,957.81681,150.3,1080.363831,169.53,8423839.46,8423839.46,131.506,80.2195,42.5038875,-0.027310803832692576,1.2417782949631726,67.05973744429724,1
2021-09-12,1141.031935,179.05,1158.238225,181.75,1084.314905,170.15,1110.697883,174.29,3661211.64,3661211.64,126.57265,77.30602,41.718283,-0.026530384271671092,1.394915836482308,79.02663115845539,1
2021-09-11,1144.53692,179.6,1233.181177,193.51,1116.114678,175.14,1140.968208,179.04,6794663.25,6794663.25,121.2594,74.29554,40.899204999999995,-0.003118040089086893,1.4259833877589734,98.47219289960553,1
2021-09-10,1197.366603,187.89,1258.034707,197.41,1069.466514,167.82,1144.53692,179.6,9055410.7,9055410.7,115.96944999999998,71.25752,40.0733005,-0.044172432144757856,1.2837379041999921,96.49742142120405,1
2021-09-09,1217.313154,191.02,1376.5032,216.0,1151.54689,180.7,1197.43033,187.9,16349677.82,16349677.82,110.5066,68.03352,39.189177,-0.016333368233692802,1.582320927931395,123.65998805811716,1
2021-09-08,1105.599723,173.49,1261.7946,198.0,933.60055,146.5,1217.313154,191.02,16666845.8,16666845.8,104.59379999999999,64.68260000000001,38.2840115,0.10123371382451296,1.6288482446361976,123.44299674267103,1
2021-09-07,1046.333613,164.19,1245.735396,195.48,815.769327,128.01,1105.408542,173.46,24376489.011,24376489.011,99.55395,61.70358,37.4741675,0.05626598465473154,1.7051136097812019,102.8433908045977,1
2021-09-06,904.795946,141.98,1058.696651,166.13,872.550084,136.92,1046.524794,164.22,8435542.353,8435542.353,94.5491,58.95264,36.697953,0.15647887323943666,1.648026315789474,107.23886105984708,1
2021-09-05,885.040576,138.88,923.977773,144.99,858.657598,134.74,904.9234,142.0,4619885.42,4619885.42,90.5499,56.64867999999999,36.0291315,0.02246543778801846,1.6526685471969516,107.92076397944312,1
2021-09-04,932.708372,146.36,959.72862,150.6,864.966571,135.73,885.040576,138.88,6134062.526,6134062.526,86.28245,54.3965,35.37623249999999,-0.051366120218579336,2.146352514725872,103.75184794086589,1
2021-09-03,816.98014,128.2,949.468573,148.99,816.470324,128.12,932.96328,146.4,11927061.37,11927061.37,81.16945,52.03940000000001,34.6884905,0.1416985104889652,2.265670310060228,100.21681415929204,1
2021-09-02,705.521617,110.71,840.941492,131.96,695.771386,109.18,817.171321,128.23,9206853.472,9206853.472,76.99945,50.1021,34.0909195,0.1582512871465993,2.1197995231375604,93.20364384366735,1
2021-09-01,689.972229,108.27,762.939644,119.72,674.805203,105.89,705.521617,110.71,8028303.79,8028303.79,73.51905000000001,48.47062,33.581089999999996,0.022536251962685938,1.6599553110208785,91.41235392320534,1
2021-08-31,702.653902,110.26,829.151997,130.11,656.770462,103.06,689.972229,108.27,16509565.592,16509565.592,70.18660000000001,46.92062,33.08574,-0.01795918367346938,1.6641240157480315,71.66442953020135,1
2021-08-30,600.499521,94.23,744.586268,116.84,596.357266,93.58,702.590175,110.25,11109542.615,11109542.615,66.7061,45.359260000000006,32.580492,0.17000955109837634,1.8528178854215183,70.91311721348902,1
2021-08-29,612.862559,96.17,623.377514,97.82,575.45481,90.3,600.499521,94.23,4171861.65,4171861.65,63.9269,44.10852,32.154792,-0.02068177094159218,1.5027888446215143,59.26862807803007,1
2021-08-28,560.670146,87.98,623.377514,97.82,545.439393,85.59,613.181194,96.22,5774371.258,5774371.258,60.998400000000004,42.85041999999999,31.7126945,0.0936576494657877,1.4378626263649954,56.592625845453995,1
2021-08-27,477.442684,74.92,566.660484,88.92,462.339385,72.55,560.670146,87.98,8785637.093,8785637.093,58.57285,41.753659999999996,31.312069499999996,0.17431927389215174,1.225932953826692,50.71035617726578,1
2021-08-26,458.7196914,71.982,498.98241,78.3,421.87274,66.2,477.442684,74.92,6563670.747,6563670.747,56.80309999999999,40.98872,30.9709575,0.04094591027190764,1.0057291248360238,43.595238095238095,1
2021-08-25,449.3964313,70.519,464.123741,72.83,420.789381,66.03,458.6623371,71.973,5069064.804,5069064.804,55.0721,40.23378,30.641704999999998,0.020502786166999742,1.0126677852348993,39.36850075719334,1
2021-08-24,482.0756369,75.647,506.311015,79.45,436.52995,68.5,449.4474129,70.527,6792636.137,6792636.137,53.333749999999995,39.4814,30.322572499999996,-0.06738690609999609,1.067937252602258,39.10406004776527,1
2021-08-23,463.6202977,72.751,489.487087,76.81,455.9348215,71.545,481.9226921,75.623,4150780.595,4150780.595,51.25785,38.65454,29.9765,0.03913431810374446,1.2800675370096783,46.424432459550985,1
2021-08-22,470.6366404,73.852,494.52152,77.6,454.0166388,71.244,463.7732425,72.775,2862187.053,2862187.053,49.27745,37.889,29.641280499999997,-0.013902250647010117,1.1301039075076833,45.35055092032355,1
2021-08-21,501.4295268,78.684,522.5614,82.0,462.65802,72.6,470.3116327,73.801,5131799.362,5131799.362,47.29565,37.09298,29.298441000000004,-0.061569370446193594,1.0085183975615069,48.49101394849785,1
2021-08-20,463.93256,72.8,509.816,80.0,451.6523671,70.873,501.1682461,78.643,5705076.722,5705076.722,45.2007,36.18554,28.9283,0.0807954482986093,1.430704086048093,53.65494474946139,1
2021-08-19,463.0340093,72.659,480.7309972,75.436,434.873048,68.24,463.7031428,72.764,7819221.598,7819221.598,43.1802,35.44046,28.585742500000002,0.0013899783934052667,1.3295661917720505,45.39673531849773,1
2021-08-18,408.7131145,64.135,513.00235,80.5,380.5903894,59.722,463.0595001,72.663,15022132.453,15022132.453,41.108799999999995,34.666599999999995,28.243567500000005,0.13318154172449814,1.606744394618834,42.79399710703954,1
2021-08-17,395.3750534,62.042,478.9402685,75.155,374.8549594,58.822,408.6366421,64.123,14953825.95,14953825.95,39.2964,34.04416,27.942099,0.033975103199174406,1.2817136960466855,37.55631050447959,1
2021-08-16,341.0350405,53.515,440.5574964,69.132,333.0946563,52.269,395.2093632,62.016,15014364.928,15014364.928,37.60075,33.44178,27.651069000000003,0.15850628607722617,1.2003973885892703,32.94045534150613,1
2021-08-15,281.1890148,44.124,349.22396,54.8,276.3266447,43.361,341.1370037,53.531,6264283.565,6264283.565,36.3334,32.96512,27.401789000000004,0.2127548708654281,0.8950368167657885,27.927857335855172,1
2021-08-14,285.8729493,44.859,285.9685398,44.874,272.2863529,42.727,281.290978,44.14,1548818.722,1548818.722,35.5388,32.65514,27.201293999999997,-0.015391478920365742,0.5424937098126923,21.298560242485475,1
2021-08-13,261.9498335,41.105,286.2043297,44.911,259.1649636,40.668,285.688141,44.83,2281339.99,2281339.99,34.7281,32.38136,26.995663,0.09070118242421299,0.5720998737550849,23.186673860264364,1
2021-08-12,265.2254013,41.619,276.5815527,43.401,250.5490732,39.316,261.9307154,41.102,2413664.412,2413664.412,34.0988,32.17606,26.808292,-0.012469666754763353,0.4838802844868044,18.603185958887778,1
2021-08-11,258.9801553,40.639,278.6717983,43.729,258.7634835,40.605,265.2381467,41.621,2512250.555,2512250.555,33.402699999999996,31.882799999999996,26.6177265,0.024138779527559162,0.5588389513108616,18.624216134659818,1
2021-08-10,246.2793642,38.646,265.6013906,41.678,243.3288041,38.183,258.986528,40.64,2603195.665,2603195.665,32.7057,31.601799999999997,26.431202499999998,0.0515965429798686,0.7312771577063986,19.58972540277637,1
2021-08-09,239.9512731,37.653,254.9016273,39.999,231.6540177,36.351,246.2793642,38.646,2128198.741,2128198.741,31.9471,31.53402,26.252921999999998,0.026454183266932274,0.5768085193194337,18.65217391304348,1
2021-08-08,251.4285058,39.454,252.0339123,39.549,235.1271392,36.896,239.932155,37.65,2030535.723,2030535.723,31.290049999999997,31.48482,26.083255000000005,-0.04608680230053974,0.4115397593071646,18.657494909413668,1
2021-08-07,251.7343954,39.502,258.09435,40.5,238.9889954,37.502,251.5240963,39.469,3561767.701,3561767.701,30.65025,31.431839999999998,25.9040535,-0.0014168247944338352,0.4726139840310426,19.918486326054698,1
2021-08-06,238.0458358,37.354,257.45708,40.4,226.9382197,35.611,251.8809675,39.525,3951317.574,3951317.574,30.014099999999996,31.426640000000003,25.725362500000003,0.058147939924503955,0.5045106771725476,20.238581407845246,1
2021-08-05,227.8686339,35.757,243.8641109,38.267,226.23085,35.5,238.0394631,37.353,4059371.083,4059371.083,29.46,31.47414,25.5577315,0.04454697986577183,0.30856542301629,18.545288054000313,1
2021-08-04,217.2708338,34.094,233.6104366,36.658,211.8030572,33.236,227.887752,35.76,2847838.669,2847838.669,29.09925,31.54966,25.396054999999997,0.048526609001612764,0.1401243424198948,14.780415692158334,1
2021-08-03,211.4270679,33.177,228.77993,35.9,206.0102729,32.327,217.3409335,34.105,3490191.638,3490191.638,28.96225,31.66144,25.2417675,0.02828112280278572,0.170545030203185,13.943258993120972,1
2021-08-02,217.8061406,34.178,229.098565,35.95,210.2991,33.0,211.3633409,33.167,3105881.294,3105881.294,28.760699999999996,31.77222,25.092392999999998,-0.029211181033221068,0.07790055248618799,13.555867638023349,1
2021-08-01,234.1457434,36.742,234.6555594,36.822,211.3505955,33.165,217.7232955,34.165,3490975.158,3490975.158,28.59095,31.81844,24.939188999999995,-0.07018833006749403,0.06161829594183077,14.88035697685228,1
2021-07-31,206.1823358,32.354,235.8153908,37.004,201.7150731,31.653,234.1584888,36.744,4320145.537,4320145.537,28.362849999999998,31.8067,24.773646,0.13568646844285093,0.159372732149055,14.424397615649399,1
2021-07-30,199.0704026,31.238,210.8344068,33.084,190.607457,29.91,206.1823358,32.354,4970660.009,4970660.009,28.3298,31.98172,24.627383999999996,0.035825196094125156,-0.02884586522587418,14.382494175818952,1
2021-07-29,177.7409757,27.891,203.2126576,31.888,174.0957913,27.319,199.0512845,31.235,3692050.445,3692050.445,28.4338,32.19766,24.488454,0.12053811659192815,-0.05754028121416943,13.980815347721823,1
2021-07-28,179.1939513,28.119,183.278852,28.76,174.3188358,27.354,177.6390125,27.875,2329901.559,2329901.559,28.69715,32.46506,24.3659935,-0.008113012845603729,-0.23990401657895455,12.177799839266298,1
2021-07-27,179.6018041,28.183,184.489665,28.95,171.3810211,26.893,179.0919881,28.103,3008374.757,3008374.757,29.125649999999997,32.667699999999996,24.2415855,-0.0028739710474027236,-0.17889908256880727,11.775252295663241,1
2021-07-26,180.0096569,28.247,198.2865605,31.115,177.352241,27.83,179.6081768,28.184,6221691.897,6221691.897,29.427749999999996,32.948119999999996,24.112482999999997,-0.0022656471254601795,-0.1435517199465176,11.456466012551932,1
2021-07-25,182.4249102,28.626,184.1582846,28.898,168.87655,26.5,180.0160296,28.248,2350991.534,2350991.534,29.66075,33.17582,23.980950000000004,-0.012859938495946244,-0.17596266044340725,12.842309011613661,1
2021-07-24,181.813131,28.53,188.3005396,29.548,178.5184451,28.013,182.3611832,28.616,2678108.81,2678108.81,29.943949999999994,33.35026,23.848688000000003,0.003506803198204622,-0.17050263783407726,13.91815243457408,1
2021-07-23,176.52379,27.7,182.9793351,28.713,168.1436895,26.385,181.7239132,28.516,3040520.321,3040520.321,30.24305,33.57198,23.718562499999997,0.029495649662442558,-0.16129411764705892,13.158184797179882,1
2021-07-22,170.1893262,26.706,179.518959,28.17,165.116657,25.91,176.5174173,27.699,2643783.144,2643783.144,30.558100000000003,33.69788,23.590957,0.03741573033707879,-0.16747317483694502,13.51045104510451,1
2021-07-21,149.6564868,23.484,175.0007147,27.461,145.29756,22.8,170.15109,26.7,4561993.007,4561993.007,30.886649999999996,33.78264,23.4664565,0.13742864445769776,-0.24809912700647707,12.35,1
2021-07-20,156.2840948,24.524,159.2027914,24.982,140.83667,22.1,149.5927598,23.474,3555428.542,3555428.542,31.488449999999993,33.968160000000005,23.358297000000004,-0.04222938512383212,-0.30897851045039737,9.358766162128768,1
2021-07-19,170.0172633,26.679,170.214817,26.71,152.7854825,23.975,156.1885043,24.509,3131177.977,3131177.977,31.9615,34.04974,23.2432885,-0.08113073145128025,-0.2573255355898305,11.073993792797674,1
2021-07-18,170.7182603,26.789,176.8806612,27.756,167.1750391,26.233,169.9790271,26.673,1727601.788,1727601.788,32.2779,34.06404,23.1175985,-0.004813073651220079,-0.16377715772643198,11.372669078764263,1
2021-07-17,167.4044563,26.269,177.3904772,27.836,165.5563733,25.979,170.8011054,26.802,2122389.101,2122389.101,32.532650000000004,34.10778,22.991940499999995,0.020212401507365474,-0.09751498417401849,12.258471432104871,1
2021-07-16,182.0170574,28.562,187.8544506,29.478,166.9392492,26.196,167.4172017,26.271,2923575.792,2923575.792,32.70399999999999,34.2573,22.8681715,-0.07966368891224385,-0.08274850738451867,12.82684210526316,1
2021-07-15,199.8797355,31.365,200.6444595,31.485,178.2762825,27.975,181.9087215,28.545,3643011.529,3643011.529,32.7088,34.395,22.731965,-0.08990913438546144,-0.08336276933945597,19.379096166202615,1
2021-07-14,185.7896958,29.154,200.74005,31.5,174.3761901,27.363,199.8797355,31.365,3434185.178,3434185.178,32.6976,34.367160000000005,22.581768999999998,0.07650329489291585,0.017122288160326793,21.545284646348474,1
2021-07-13,196.087979,30.77,198.1654792,31.096,183.597487,28.81,185.6749872,29.136,1837132.436,1837132.436,32.782650000000004,34.41276,22.443320999999997,-0.053103672408189806,0.080792343645671,19.637484062898427,1
2021-07-12,205.0288771,32.173,208.3617992,32.696,191.2510997,30.011,196.087979,30.77,2251239.269,2251239.269,32.59205,34.28808,22.296277,-0.04387545833074402,0.15720195562241446,19.87800244266522,1
2021-07-11,202.1165532,31.716,207.5460936,32.568,199.46551,31.3,205.0862314,32.182,1944815.804,1944815.804,32.31245,34.268879999999996,22.141357000000003,0.01542927460322474,-0.08721672292027105,19.013681592039802,1
2021-07-10,212.3065005,33.315,218.0419305,34.215,197.7130175,31.025,201.9699811,31.693,2838074.586,2838074.586,32.49065,34.41352,21.990342000000002,-0.04868677772775021,-0.0993748223927251,19.45105504291153,1
2021-07-09,211.1530418,33.134,219.603242,34.46,203.7734552,31.976,212.3065005,33.315,2810263.602,2810263.602,32.5844,34.635619999999996,21.831432499999995,0.005219962585239157,-0.0951928299837046,22.165982894096377,1
2021-07-08,233.6677909,36.667,235.3693018,36.934,208.0941458,32.654,211.2040234,33.142,4495022.54,4495022.54,32.768299999999996,34.67254,21.67354,-0.09628336923622283,-0.15594040494078687,22.132546939345293,1
2021-07-07,218.0801667,34.221,242.79987,38.1,215.524714,33.82,233.7060271,36.673,4609258.553,4609258.553,32.8979,35.05862,21.498528500000003,0.07149535440892896,-0.07689790575916233,23.158761528326746,1
2021-07-06,209.7128116,32.908,223.3057807,35.041,209.5534941,32.883,218.1120302,34.226,3289698.061,3289698.061,33.173,35.30826,21.335905500000003,0.04005105141606902,-0.13430797248077708,19.00350672121566,1
2021-07-05,218.4434106,34.278,219.794423,34.49,206.284299,32.37,209.7128116,32.908,3008984.082,3008984.082,33.5044,35.5871,21.1797655,-0.040023337222870436,-0.17095782737945286,18.58926126555152,1
2021-07-04,219.8390319,34.497,226.4284037,35.531,213.6957491,33.533,218.456156,34.28,2972213.418,2972213.418,33.7751,35.77122,21.01728,-0.0063192069105454385,-0.1143491965070016,18.123061474952582,1
2021-07-03,216.6781727,34.001,225.6318162,35.406,211.6819759,33.217,219.8454046,34.498,3063406.141,3063406.141,33.9855,35.93526,20.853583,0.014647058823529235,-0.05422743721899337,17.022150245533382,1
2021-07-02,212.019729,33.27,218.0546759,34.217,199.8924809,31.367,216.6718,34.0,4324198.276,4324198.276,34.109300000000005,36.07624,20.691556000000002,0.021910973520483212,-0.05965649805017004,16.355793772332824,1
2021-07-01,226.294577,35.51,226.6578209,35.567,205.009759,32.17,212.0261017,33.271,4488924.899,4488924.899,34.2536,36.285,20.533051500000003,-0.06305266122219089,-0.19058508697238774,15.990603615565316,1
2021-06-30,216.5061098,33.974,229.4172,36.0,201.0905485,31.555,226.294577,35.51,5361423.665,5361423.665,34.53335,36.46556,20.3629575,0.04533411833971157,-0.155167491435097,17.80129189389527,1
2021-06-29,210.4138086,33.018,228.3784499,35.837,208.1642455,32.665,216.480619,33.97,4476285.792,4476285.792,34.93645,36.64324,20.200302,0.02936274658343696,-0.1763850163656201,17.02122015915119,1
2021-06-28,203.1807941,31.883,218.838518,34.34,197.3051647,30.961,210.3054727,33.001,4996728.013,4996728.013,35.348650000000006,36.86982,20.0431385,0.03461140546132868,-0.13689028377141366,15.02612665112665,1
2021-06-27,189.2118357,29.691,203.607765,31.95,185.9936222,29.186,203.2700119,31.897,5851211.914,5851211.914,35.665549999999996,37.14412,19.8919495,0.07404539026197043,-0.2442364648738301,13.400451467268624,1
2021-06-26,182.3803013,28.619,192.3344587,30.181,169.8898093,26.659,189.2564446,29.698,6492984.234,6492984.234,36.2909,37.4138,19.751775,0.03690513599385503,-0.2506749425983398,12.466648528544871,1
2021-06-25,198.4713688,31.144,210.2290003,32.989,178.1105923,27.949,182.5205007,28.641,7293143.176,7293143.176,36.840500000000006,37.710899999999995,19.617706000000002,-0.08028001669824347,-0.23292624136268691,12.38489578465277,1
2021-06-24,196.5022045,30.835,210.2991,33.0,181.5008687,28.481,198.4522507,31.141,7214092.912,7214092.912,37.150349999999996,37.98768,19.4712535,0.009858287122612497,-0.2136508257158729,12.729388942774003,1
2021-06-23,171.7888739,26.957,209.66183,32.9,163.3068102,25.626,196.5149499,30.837,11966311.253,11966311.253,37.5886,38.22366,19.326966,0.14389049632762085,-0.09286932988174379,12.345306617042453,1
2021-06-22,169.4947019,26.597,183.6166051,28.813,128.6456949,20.187,171.7952466,26.958,15788825.956,15788825.956,37.9404,38.60274,19.201443499999996,0.01383978939450925,-0.12864438554528412,10.203557476518991,1
2021-06-21,224.6249296,35.248,226.2244773,35.499,165.2122475,25.925,169.450093,26.59,8213916.627,8213916.627,38.157799999999995,39.00888,19.078977,-0.2458235244065008,-0.18809160305343509,9.29184084223564,1
2021-06-20,224.2871765,35.195,229.0921923,35.949,199.46551,31.3,224.6822839,35.257,3938821.53,3938821.53,38.03245,39.29714,18.913296499999998,0.0019039499857913533,0.23327969777529023,13.552771700994757,1
2021-06-19,234.5281054,36.802,237.8164186,37.318,222.4136027,34.901,224.255313,35.19,2216638.028,2216638.028,37.702349999999996,39.44906,18.7472155,-0.04426941879413371,0.2848692858186066,13.663110962956788,1
2021-06-18,250.1858293,39.259,251.7343954,39.502,222.3944846,34.898,234.642814,36.82,3777138.806,3777138.806,37.23075,39.56234,18.572948,-0.06226919648541962,0.2701369484977061,13.54531089515683,1
2021-06-17,253.187371,39.73,262.9630928,41.264,243.5072397,38.211,250.2240655,39.265,3274621.978,3274621.978,36.716950000000004,39.6737,18.3861995,-0.0116542488924688,0.16351083059234894,15.610965394703445,1
2021-06-16,251.8044951,39.513,266.060225,41.75,238.6894785,37.455,253.1746256,39.728,5055331.868,5055331.868,36.417899999999996,39.74208,18.196993499999998,0.004856333468231444,0.12130962461191097,16.269289284938058,1
2021-06-15,252.99619,39.7,266.0028707,41.741,249.5166958,39.154,251.9510672,39.536,3725999.561,3725999.561,36.2126,39.82892,18.0086185,-0.003980450445911221,0.3190538151002571,17.185832566697332,1
2021-06-14,246.7063351,38.713,258.4830847,40.561,233.4128829,36.627,252.9579538,39.694,4590144.279,4590144.279,35.726549999999996,39.983140000000006,17.819703999999998,0.025525758280369848,0.2634963076139547,13.966442953020135,1
2021-06-13,232.5525684,36.492,251.3520334,39.442,221.260144,34.72,246.6617262,38.706,4063329.112,4063329.112,35.362049999999996,40.025822,17.6375045,0.061136089483496026,0.5775187479621782,14.358304896436792,1
2021-06-12,230.2520237,36.131,239.868428,37.64,217.30907,34.1,232.4506052,36.476,5196242.998,5196242.998,34.765049999999995,40.044088,17.466536,0.008822634621235226,0.16827877778489508,13.338613939227171,1
2021-06-11,261.8606157,41.091,263.6768352,41.376,223.5160798,35.074,230.4177139,36.157,4760990.078,4760990.078,34.518299999999996,40.09894799999999,17.297144,-0.12037465028585337,-0.07111111111111112,12.783546813052757,1
2021-06-10,267.8573264,42.032,274.6442519,43.097,251.4603693,39.459,261.9498335,41.105,5155108.071,5155108.071,34.4093,39.927915999999996,17.102376,-0.02205462504758282,-0.07462854570013522,13.33778645924169,1
2021-06-09,262.8420115,41.245,280.3988,44.0,250.3897557,39.291,267.8573264,42.032,10764252.936,10764252.936,34.5287,39.721332,16.904127000000003,0.019081100739483547,0.201326168972219,13.51030482963372,1
2021-06-08,243.43714,38.2,271.4515292,42.596,214.12272,33.6,262.8420115,41.245,16902544.675,16902544.675,34.21585,39.525854,16.7084185,0.07872368248986517,-0.26317952016006574,12.97898661243857,1
2021-06-07,268.92794,42.2,281.67334,44.2,240.88806,37.8,243.6601845,38.235,8050031.335,8050031.335,35.10295000000001,39.407869999999996,16.5276685,-0.09406468427911385,-0.18140361394193716,11.917666137369505,1
2021-06-06,252.7604001,39.663,276.57518,43.4,247.9745024,38.912,268.9598035,42.205,6151664.294,6151664.294,35.3281,39.060770000000005,16.32722,0.06489541543663102,-0.09914621131270018,12.365317626195452,1
2021-06-05,238.0585812,37.356,272.6687149,42.787,235.6751914,36.982,252.5692191,39.633,8654823.195,8654823.195,35.68895,38.774102,16.140054,0.06146553109432751,-0.08860322862530456,11.667561607057246,1
2021-06-04,252.3525473,39.599,253.2319799,39.737,217.8634949,34.187,237.9438726,37.338,8825815.938,8825815.938,35.99635,38.582974,15.964677,-0.05716882985707783,-0.1255737704918033,10.69114193568588,1
2021-06-03,216.6335638,33.994,264.6136221,41.523,214.9894072,33.736,252.3716654,39.602,7862225.094,7862225.094,36.15125,38.319067999999994,15.7768705,0.16497028887450726,-0.03525055421569345,11.598861069576559,1
2021-06-02,197.1139837,30.931,223.8665783,35.129,193.7428254,30.402,216.6335638,33.994,4549289.133,4549289.133,36.504000000000005,38.188202000000004,15.6164915,0.09877820156441919,-0.22226543732412096,10.907664284713466,1
2021-06-01,208.7632793,32.759,212.1153195,33.285,190.2378404,29.852,197.1585926,30.938,4046865.202,4046865.202,37.14255,38.14029,15.471872000000001,-0.0553282442748092,-0.3053572230454892,9.638195447355752,1
2021-05-31,182.0871571,28.573,210.3883178,33.014,175.1791503,27.489,208.705925,32.75,5173286.471,5173286.471,37.73195,38.042324,15.3176665,0.1455855603749825,-0.23577729033462458,10.83506793871061,1
2021-05-30,174.6565889,27.407,189.7853787,29.781,163.0519022,25.586,182.1827476,28.588,3964240.919,3964240.919,38.44525,38.006606,15.1847265,0.043814809405579025,-0.35510940672230995,8.98602766522286,1
2021-05-29,184.7636911,28.993,191.6015982,30.066,163.77839,25.7,174.5355076,27.388,3911549.6,3911549.6,39.29235,38.01119,15.059117,-0.05522784504467204,-0.39954397965447686,8.035961728802375,1
2021-05-28,215.1487247,33.761,220.1831577,34.551,178.4356,28.0,184.7382003,28.989,6370726.751,6370726.751,40.1235,37.970178000000004,14.924321500000001,-0.1409903102497999,-0.32867861609003757,8.308052915489341,1
2021-05-27,225.7656429,35.427,226.8298838,35.594,197.4007552,30.976,215.0595069,33.747,5698854.676,5698854.676,40.59525,37.826007999999995,14.766365500000001,-0.04750211685012695,-0.2241355526945007,10.705921121093345,1
2021-05-26,191.0854095,29.985,237.383075,37.25,183.9033766,28.858,225.784761,35.43,10601343.234,10601343.234,40.99855,37.618504,14.599323,0.1820638574717246,-0.21231658514895502,12.989023571682393,1
2021-05-25,200.230234,31.42,211.5417765,33.195,165.1485205,25.915,191.0089371,29.973,10300933.608,10300933.608,41.7489,37.478478,14.458958,-0.045932009167303334,-0.2970025330706446,9.231438812083972,1
2021-05-24,156.322331,24.53,205.137213,32.19,156.1056592,24.496,200.2047432,31.416,15414302.323,15414302.323,42.3099,37.325668,14.3088815,0.28040430388001303,-0.3157344485101934,8.624705125455716,1
2021-05-23,198.9684394,31.222,206.47548,32.4,121.8269059,19.117,156.3605672,24.536,25787150.864,25787150.864,43.378699999999995,37.284948,14.1931575,-0.2141438729101275,-0.47681088342537903,6.525687820139251,1
2021-05-22,248.0573475,38.925,254.908,40.0,198.4076418,31.134,198.9684394,31.222,10122098.005,10122098.005,44.16245,37.05551,14.0441065,-0.19789338471419382,-0.3714113146768673,8.371473166046345,1
2021-05-21,282.7375809,44.367,303.97779,47.7,214.5879271,33.673,248.0573475,38.925,13740700.641,13740700.641,44.69969999999999,36.657896,13.8568505,-0.12370553804592532,-0.09023979806478766,10.460326807007212,1
2021-05-20,222.9616549,34.987,337.7531,53.0,203.9264,32.0,283.075334,44.42,17869805.908,17869805.908,44.618,36.157218,13.6427905,0.26957814107694067,0.04557009697768577,11.778688760392393,1
2021-05-19,356.6736463,55.969,367.6474357,57.691,168.87655,26.5,222.9680276,34.988,22259967.849,22259967.849,44.9928,35.83882800000001,13.475598999999999,-0.374957571859871,-0.2195927107264738,8.71861892725202,1
2021-05-18,297.9046069,46.747,372.038226,58.38,293.4692077,46.051,356.7246279,55.977,12538546.698,12538546.698,44.4356,35.098296,13.202904499999999,0.1984456624132911,0.29735555195030927,21.681118314424634,1
2021-05-17,298.560995,46.85,331.2848095,51.985,274.089827,43.01,297.6560716,46.708,13839076.478,13839076.478,44.257549999999995,34.525426,12.976527999999998,-0.0030309498399146984,0.06449701444915434,14.975647296234222,1
2021-05-16,276.9702874,43.462,335.20402,52.6,265.1170654,41.602,298.560995,46.85,13162867.429,13162867.429,44.10895,33.917604000000004,12.749868,0.0773582302350182,-0.011707625777871544,14.14172134061601,1
2021-05-15,272.0951719,42.697,289.95785,45.5,250.4789735,39.305,277.1232322,43.486,3357108.617,3357108.617,44.304899999999996,33.343212,12.540993,0.01840749414519882,0.06478681491965,15.692000614156303,1
2021-05-14,261.6057077,41.051,286.1151119,44.897,254.2771027,39.901,272.11429,42.7,3421838.277,3421838.277,44.211905,32.748786,12.3358925,0.04022022460961305,0.14203796273265357,11.095974618282769,1
2021-05-13,276.5369438,43.394,289.9642227,45.501,238.530161,37.43,261.5929623,41.049,7162647.061,7162647.061,44.02892,32.199752000000004,12.139610499999998,-0.06085703173259516,0.05524421593830331,10.711220792559413,1
2021-05-12,284.0885933,44.579,313.8108661,49.243,268.800486,42.18,278.5443443,43.709,7592760.128,7592760.128,43.788470000000004,31.608676,11.9306365,-0.018613318963581538,0.3426861710297542,9.481774580335733,1
2021-05-11,273.1849036,42.868,287.918586,45.18,252.99619,39.7,283.8273126,44.538,2758407.694,2758407.694,43.18924,31.013844,11.717741499999999,0.039296215055770745,0.40486013853665903,9.262921400096781,1
2021-05-10,282.501791,44.33,292.443203,45.89,248.5353,39.0,273.0956858,42.854,2869549.017,2869549.017,42.63168,30.443507999999998,11.513262500000002,-0.03329573652154294,0.3616937444194832,8.034257404869821,1
2021-05-09,290.7990464,45.632,300.472805,47.15,271.47702,42.6,282.501791,44.33,3095018.717,3095018.717,41.988735000000005,29.840696,11.301055999999999,-0.0281066386038763,0.37092634170176697,9.004739443453925,1
2021-05-08,275.0074958,43.154,297.286455,46.65,269.4058925,42.275,290.6715924,45.612,2539093.011,2539093.011,41.32492499999999,29.21156,11.082421000000002,0.05627344726969574,0.8354929577464789,10.537119008473505,1
2021-05-07,277.1869592,43.496,294.6927661,46.243,263.957234,41.42,275.1859314,43.182,3259646.399,3259646.399,40.408325000000005,28.631999999999998,10.876807,-0.007219054625712706,0.706825404354219,9.778523824975663,1
2021-05-06,286.5484555,44.965,286.644046,44.98,271.158385,42.55,277.1869592,43.496,2337263.012,2337263.012,39.498505,28.046116,10.670402,-0.032992441084926494,0.5656405678578629,11.607170806643287,1
2021-05-05,271.7064372,42.636,293.1442,46.0,269.5970735,42.305,286.644046,44.98,2772821.523,2772821.523,38.638585,27.419300000000003,10.4565285,0.05497701472933647,0.7033555877864328,11.605089115570003,1
2021-05-04,292.7299745,45.935,304.678787,47.81,269.310302,42.26,271.7064372,42.636,4180557.381,4180557.381,37.827119999999994,26.849734,10.254047499999999,-0.07135389440669093,0.5531844360981688,12.118769230769232,1
2021-05-03,299.0453202,46.926,312.2623,49.0,285.3312698,44.774,292.5834024,45.912,3686007.369,3686007.369,36.90405500000001,26.220704,10.035828500000001,-0.021003475702070507,0.6085542911598183,12.744050291872474,1
2021-05-02,316.3790642,49.646,318.571273,49.99,292.5324208,45.904,298.8605119,46.897,3794411.245,3794411.245,35.986325,25.588829999999998,9.812897,-0.055828467888061284,0.6838110420548835,13.429846153846153,1
2021-05-01,272.6623422,42.786,317.870276,49.88,267.6597727,42.001,316.532009,49.67,5804048.045,5804048.045,34.895410000000005,24.886624,9.576578000000001,0.1608937502921517,0.853212994504162,15.487419504746732,1
2021-04-30,270.5338604,42.452,282.3934551,44.313,262.618967,41.21,272.6623422,42.786,3302673.311,3302673.311,34.096215,24.351523999999998,9.375566,0.007108558516147223,0.5492519154729663,13.594262714466009,1
2021-04-29,285.6945137,44.831,294.6290391,46.233,260.6816662,40.906,270.7377868,42.484,5805381.221,5805381.221,33.352875,23.78594,9.175259500000001,-0.05239444159436124,0.5770795592908264,12.260503152506399,1
2021-04-28,274.9628869,43.147,299.2747374,46.962,258.1963132,40.516,285.7072591,44.833,7855066.319,7855066.319,32.458145,23.186059999999998,8.963094,0.03907571789463926,0.6893569719464174,14.530345018705832,1
2021-04-27,279.6595668,43.884,297.0060562,46.606,270.83975,42.5,274.9628869,43.147,7101848.718,7101848.718,31.627720000000004,22.595176000000002,8.760016,-0.01665982952732581,0.7221051455210179,11.915556619870086,1
2021-04-26,302.0341165,47.395,309.0695773,48.499,275.7276109,43.267,279.6213306,43.878,11079170.602,11079170.602,30.686560000000004,21.993963999999995,8.552444999999999,-0.07440143444784308,0.9100893708345488,13.108681672025725,1
2021-04-25,260.34072675,40.8525,309.9936188,48.644,258.5531844,40.572,302.0978435,47.405,11964753.801,11964753.801,29.464895000000002,21.306706,8.3269225,0.16074642324578048,0.9938592248322853,12.989966061679208,1
2021-04-24,237.71318086,37.3018,278.10271619,43.6397,220.40683947,34.5861,260.26170527,40.8401,9722785.06,9722785.06,28.611665,20.740668,8.133592,0.09229378458542947,0.8151155555555556,11.87113142136779,1
2021-04-23,247.71831986,38.8718,265.996498,41.74,200.69926472,31.4936,238.27079211,37.3893,14705148.48,14705148.48,27.867199999999997,20.253898,7.9599065,-0.038835475578406164,0.8931195285087163,9.964925657643919,1
2021-04-22,207.72771555,32.5965,262.29204749,41.1587,200.47622022,31.4586,247.89803,38.9,14017530.86,14017530.86,26.909705000000002,19.757382,7.778007500000001,0.19495966627141859,1.0426059240822712,9.428954423592494,1
2021-04-21,201.97571653,31.6939,224.19222327,35.1801,191.88263427,30.1101,207.45305218,32.5534,6573327.09,6573327.09,26.234249999999996,19.38519,7.627960000000001,0.026830437690046338,0.679213457064598,7.6675009318920075,1
2021-04-20,200.93314281,31.5303,209.02456,32.8,183.597487,28.81,202.03243356,31.7028,7036100.92,7036100.92,25.618415,19.050843999999998,7.482562000000001,0.007362310182993381,0.6625744028109184,8.611277853569804,1
2021-04-19,206.04468548,32.3324,230.0226065,36.095,189.94851982,29.8066,200.55587897,31.4711,12075270.9,12075270.9,24.998285,18.683196,7.3395410000000005,-0.026741258914268373,0.6607090087808174,,1
2021-04-18,158.37242859,24.8517,210.235373,32.99,134.46397,21.1,206.06635266,32.3358,11699397.05,11699397.05,24.329015000000002,18.300312,7.1923455,0.3012394366197182,0.7900190982313378,,1
2021-04-17,161.18215202,25.2926,170.73355478,26.7914,158.15830587,24.8181,158.361595,24.85,2442737.39,2442737.39,23.98974,18.075236,7.082847999999999,-0.01777103195307439,0.5098214339961966,,1
2021-04-16,177.12664742,27.7946,180.07402117,28.2571,158.39154669,24.8547,161.22676092,25.2996,2673912.32,2673912.32,23.547705,17.846128,6.9711495,-0.08933970685633652,0.7133221367428757,,1
2021-04-15,168.35526314,26.4182,179.71014,28.2,162.17183233,25.4479,177.04380232,27.7816,2146653.64,2146653.64,22.896945,17.633878,6.8480305,0.05206633165067953,1.140553368210992,,1
2021-04-14,174.97586117,27.4571,175.63989651,27.5613,157.40569,24.7,168.28197709,26.4067,3623963.28,3623963.28,22.225545,17.410232,6.7316405,-0.03803181703927405,0.9420546726188288,,1
2021-04-13,181.79146382,28.5266,183.63699774,28.8162,167.35729832,26.2616,174.93507589,27.4507,2275774.43,2275774.43,21.532875,17.1496,6.6103555,-0.038248360334099396,0.9392661354131344,,1
2021-04-12,177.54214746,27.8598,190.73172465,29.9295,170.81958623,26.8049,181.89215248,28.5424,2842013.26,2842013.26,20.813515000000002,16.800258,6.483359999999999,0.024799204357364157,0.9290097591305992,,1
2021-04-11,170.78389911,26.7993,182.5714823,28.649,162.58733237,25.5131,177.49052859,27.8517,2517685.81,2517685.81,20.16075,16.442962,6.358375499999999,0.03916111050999738,0.9426178054292331,,1
2021-04-10,176.01015038,27.6194,180.31427196,28.2948,165.06376359,25.9017,170.80174267,26.8021,2705997.06,2705997.06,19.537505000000003,16.136744,6.238906000000001,-0.029514215778572828,0.8888818413745472,,1
2021-04-09,171.59195747,26.9261,184.8083,29.0,170.21290519,26.7097,175.99613044,27.6172,3037133.3,3037133.3,18.866115,15.763942,6.114656,0.02519823003593369,0.9510285972646093,,1
2021-04-08,169.1123399,26.537,178.40437377,27.9951,163.41578337,25.6431,171.67034168,26.9384,4209553.61,4209553.61,18.226955,15.389888,5.9942779999999996,0.015068673813516398,0.8965361869895805,,1
2021-04-07,159.66672396,25.0548,175.37861581,27.5203,145.98453706,22.9078,169.12189895,26.5385,7815658.63,7815658.63,17.61023,15.025122,5.8767405,0.05921819371936721,0.8686715768423721,,1
2021-04-06,146.49307852,22.9876,161.22931,25.3,138.64063758,21.7554,159.66672396,25.0548,3326493.23,3326493.23,17.06758,14.701057999999998,5.7670385,0.09068114244918757,0.8369699102586661,,1
2021-04-05,151.51412885,23.7755,157.915506,24.78,145.08343728,22.7664,146.39175259,22.9717,2821214.21,2821214.21,16.600955,14.41594,5.6665944999999995,-0.03380791150554152,0.6225587489493349,,1
2021-04-04,143.17672544,22.4672,162.70076643,25.5309,140.11464309,21.9867,151.51412885,23.7755,5274539.83,5274539.83,16.120065,14.115312000000001,5.5603805,0.05668888888888901,0.6441685972130979,,1
2021-04-03,125.86910951,19.7513,151.97360052,23.8476,125.68748756,19.7228,143.38575,22.5,6266319.5,6266319.5,15.718089999999998,13.849312,5.462528,0.13923473805195918,0.4702711179941581,,1
2021-04-02,121.36361061,19.0443,126.18137181,19.8003,116.9071815,18.345,125.86146227,19.7501,1773300.55,1773300.55,15.495750000000001,13.638318,5.380097999999999,0.03706095787190922,0.3564908617622615,,1
2021-04-01,123.51439686,19.3818,129.73733841,20.3583,119.44542791,18.7433,121.36361061,19.0443,2230609.34,2230609.34,15.271519999999999,13.439232000000002,5.301178,-0.017631189357322996,0.18796706381386064,,1
2021-03-31,121.49233915,19.0645,126.27759958,19.8154,114.7086,18.0,123.54179947,19.3861,2784733.45,2784733.45,15.103765,13.207519999999999,5.2209055,0.016655741143771108,0.36475698355485453,,1
2021-03-30,120.76521408,18.9504,132.998249,20.87,120.51094335,18.9105,121.51782995,19.0685,3808354.1,3808354.1,14.860580000000002,12.98325,5.1425455,0.006232058426207443,0.2850259451445516,,1
2021-03-29,115.11963915,18.0645,121.0813,19.0,112.43928153,17.6439,120.76521408,18.9504,3064381.78,3064381.78,14.65501,12.738193999999998,5.065174,0.04904093664369347,0.3931249448642924,,1
2021-03-28,104.84111132,16.4516,123.502926,19.38,103.90623623,16.3049,115.11963915,18.0645,7200727.49,7200727.49,14.431925000000001,12.499354,4.992852,0.0975520842826676,0.30737331191106865,,1
2021-03-27,94.15727977,14.7751,107.06136,16.8,93.78893771,14.7173,104.88763203,16.4589,4053893.7,4053893.7,14.299850000000001,12.304186,4.9228975,0.11461832267851335,0.2619823494682605,,1
2021-03-26,82.71063603,12.9789,94.26561567,14.7921,78.41161261,12.3043,94.10183728,14.7664,2972281.77,2972281.77,14.213635,12.137028,4.863684,0.13774106805766384,0.1777129093490295,,1
2021-03-25,86.56930588,13.5844,87.51565183,13.7329,79.467569,12.47,82.70936149,12.9787,2292323.1,2292323.1,14.19161,11.992076000000003,4.814261,-0.04549432607944226,-0.005524565543874704,,1
2021-03-24,90.13100791,14.1433,97.96050713,15.3719,86.56803134,13.5842,86.65151371,13.5973,2317339.72,2317339.72,14.164284999999998,11.824792,4.7593005,-0.03941307787950721,-0.0338846968211336,,1
2021-03-23,94.29174374,14.7962,97.0371029,15.227,89.31084142,14.0146,90.20684304,14.1552,2004427.43,2004427.43,14.160235,11.633984,4.706175,-0.043334865237490194,0.015160860023810008,,1
2021-03-22,91.36667444,14.3372,105.723093,16.59,90.29924719,14.1697,94.29301828,14.7964,5102991.54,5102991.54,14.117605000000001,11.423106,4.6497185000000005,0.03202856903718998,-0.012618864902739335,,1
2021-03-21,90.35723876,14.1788,91.53491372,14.3636,86.9108826,13.638,91.36667444,14.3372,1191850.82,1191850.82,14.150020000000001,11.220922,4.598882499999999,0.010416226197020428,0.09538762443940185,,1
2021-03-20,90.22978476,14.1588,95.45858511,14.9793,89.791343,14.09,90.42478938,14.1894,1393209.56,1393209.56,14.094985,11.013720000000001,4.549634,0.0024160732451676825,0.075639043027381,,1
2021-03-19,90.58984231,14.2153,92.32958941,14.4883,88.29630758,13.8554,90.20684304,14.1552,1461762.29,1461762.29,14.046804999999997,10.806816,4.5025755,-0.003435651929034056,0.0411144290316412,,1
2021-03-18,90.48405549,14.1987,93.997325,14.75,88.9437739,13.957,90.5178308,14.204,1576671.71,1576671.71,14.016414999999999,10.596236000000001,4.45371,0.0001549099409934307,0.02598922292367911,,1
2021-03-17,86.91024533,13.6379,90.92886995,14.2685,83.05285002,13.0326,90.50381086,14.2018,1703006.56,1703006.56,13.998534999999999,10.39302,4.4024685,0.04124875359258606,-0.1728279292449808,,1
2021-03-16,90.22851022,14.1586,91.08691291,14.2933,83.73026803,13.1389,86.91852984,13.6392,2501657.49,2501657.49,14.175030000000001,10.194312,4.354304,-0.036623180318837045,-0.10412232994403714,,1
2021-03-15,92.1556147,14.461,94.45233578,14.8214,86.78279133,13.6179,90.22277479,14.1577,2020949.93,2020949.93,14.228365,9.983713999999999,4.300766,-0.020939801528301216,-0.01812873202904486,,1
2021-03-14,97.43985754,15.2902,97.9866352,15.376,91.38388073,14.3399,92.15242835,14.4605,1750244.94,1750244.94,14.226295000000002,9.764662000000001,4.2463055,-0.05507308881091011,0.3056531200057786,,1
2021-03-13,92.74317764,14.5532,98.18546344,15.4072,88.22302153,13.8439,97.52333991,15.3033,2632320.37,2632320.37,14.014895,9.5253,4.186039,0.05107248088902927,0.5323373619441467,,1
2021-03-12,102.29394313,16.0519,105.14955,16.5,89.72952781,14.0803,92.78460019,14.5597,3678388.38,3678388.38,13.786255,9.293904,4.129943,-0.09177842929324431,0.26703042328042326,,1
2021-03-11,90.49934997,14.2011,104.01648394,16.3222,87.114809,13.67,102.1607537,16.031,4125742.57,4125742.57,13.559265,9.047616,4.066038,0.1285621761658029,0.7857660046117341,,1
2021-03-10,94.634595,14.85,96.94023786,15.2118,89.55236675,14.0525,90.52292896,14.2048,1943926.1,1943926.1,13.297879999999997,8.836094,4.010077,-0.04273872902486686,0.7247835642386198,,1
2021-03-09,86.7197016,13.608,95.54015567,14.9921,84.11008095,13.1985,94.5644953,14.839,2594490.9,2594490.9,12.967715000000002,8.61505,3.9505405000000002,0.09087834857529331,0.7877882460663599,,1
2021-03-08,88.05414498,13.8174,88.6187662,13.906,82.8196092,12.996,86.68656356,13.6028,2116684.52,2116684.52,12.702585000000001,8.41953,3.8985455,-0.015531141893554423,0.5367617153960866,,1
2021-03-07,83.12741061,13.0443,89.3070178,14.014,80.96451623,12.7049,88.05414498,13.8174,2999418.25,2999418.25,12.454294999999998,8.211676,3.8438925,0.059445948121851444,0.5853277954978315,,1
2021-03-06,79.98184589,12.5507,84.820637,13.31,75.83513,11.9,83.11339067,13.0421,3061674.23,3061674.23,12.23798,8.015784,3.7953855,0.040189181860235124,0.49153143262314014,,1
2021-03-05,83.25868823,13.0649,83.47727184,13.0992,77.26962477,12.1251,79.90218714,12.5382,2069391.25,2069391.25,12.048275,7.830862,3.7482445,-0.03927728568363631,0.36284782608695654,,1
2021-03-04,89.81428472,14.0936,90.96200799,14.2737,81.1627072,12.736,83.16883316,13.0508,2764372.37,2764372.37,11.855735,7.6403300000000005,3.699933,-0.07271461255346656,0.41850354332420325,,1
2021-03-03,88.92847942,13.9546,93.9208526,14.738,87.31746086,13.7018,89.69065434,14.0742,3277327.93,3277327.93,11.612044999999998,7.431554,3.6454269999999998,0.009351826618281933,0.5483168316831684,,1
2021-03-02,95.58349003,14.9989,97.183675,15.25,85.10358488,13.3544,88.85965426,13.9438,4128426.11,4128426.11,11.369355,7.21471,3.5927575000000003,-0.06951386340128796,0.7875520799948719,,1
2021-03-01,83.354916,13.08,99.07572963,15.5469,82.91010154,13.0102,95.49809585,14.9855,5511248.26,5511248.26,11.010105,6.983979999999999,3.5364799999999996,0.1449188995087367,0.9077657542966262,,1
2021-02-28,84.02596131,13.1853,87.77693253,13.7739,72.7571159,11.417,83.41035849,13.0887,7231344.75,7231344.75,10.74842,6.789864,3.4898154999999997,-0.007800418448103308,0.9542373387482082,,1
2021-02-27,86.58205128,13.5864,94.54473993,14.8359,82.908827,13.01,84.06610932,13.1916,6232463.19,6232463.19,10.42372,6.59046,3.4403499999999996,-0.029758314823259413,1.1546100449162924,,1
2021-02-26,88.30331755,13.8565,98.82974341,15.5083,83.48237,13.1,86.64450374,13.5962,8029513.17,8029513.17,10.050035,6.365806,,-0.017913638924603847,1.0291321543168421,,-1
2021-02-25,109.44793615,17.1745,112.733063,17.69,87.03769933,13.6579,88.22493334,13.8442,9520373.92,9520373.92,9.692849999999998,6.12775,,-0.1936560448713095,1.160287118670516,,-1
2021-02-24,97.11293803,15.2389,116.01627804,18.2052,94.26306659,14.7917,109.41352357,17.1691,10777544.75,10777544.75,9.154819999999999,5.82764,,0.1277357399963217,1.995777424927152,,-1
2021-02-23,91.87903952,14.4176,101.25455576,15.8888,73.094869,11.47,97.02053388,15.2244,24306320.76,24306320.76,8.680155,5.572970000000001,,0.05584953291120809,1.9092507309243083,,-1
2021-02-22,70.57000526,11.0738,94.31596,14.8,57.99157,9.1,91.88859857,14.4191,14711670.8,14711670.8,8.220855,5.328145999999999,,0.3019150722779518,2.1245341076536364,,-1
2021-02-21,63.63077223,9.9849,74.37386989,11.6707,62.51682427,9.8101,70.57956431,11.0753,3694265.15,3694265.15,7.897830000000001,5.142638000000001,,0.1089827674253272,1.6044209288653732,,-1
2021-02-20,73.18727315,11.4845,75.40624729,11.8327,62.1593158,9.754,63.64351763,9.9869,4731324.37,4731324.37,7.611109999999999,4.979742,,-0.13090886939571145,1.362086092715232,,-1
2021-02-19,57.2778276,8.988,75.516495,11.85,54.33172839,8.5257,73.22997024,11.4912,7106323.06,7106323.06,7.24795,4.780063999999999,,0.2800570340087556,2.000861776303763,,-1
2021-02-18,52.51869524,8.2412,59.393564,9.32,52.447321,8.23,57.20836517,8.9771,2479859.19,2479859.19,6.990559999999999,4.631221999999999,,0.0900227060237746,1.3561942257217847,,-1
2021-02-17,52.91571445,8.3035,53.849315,8.45,47.91123314,7.5182,52.48364539,8.2357,3331645.44,3331645.44,6.769275,4.499916,,-0.007770897086817219,1.2410068027210883,,-1
2021-02-16,56.5003582,8.866,57.3543,9.0,50.72732927,7.9601,52.89468454,8.3002,2257217.69,2257217.69,6.538015,4.364256,,-0.062293822585747116,1.0539965355110121,,-1
2021-02-15,55.59161118,8.7234,59.775926,9.38,49.06979,7.7,56.40859132,8.8516,3424896.19,3424896.19,6.297485,4.213298,,0.01558089905688509,1.3898698633835518,,-1
2021-02-14,55.72798696,8.7448,58.820021,9.23,54.35467011,8.5293,55.54317866,8.7158,2889949.04,2889949.04,6.0468850000000005,4.065498,,-0.0032364680184352457,1.4025028943161142,,-1
2021-02-13,58.63330089,9.2007,60.61521059,9.5117,55.1748366,8.658,55.72352607,8.7441,3487478.68,3487478.68,5.7910699999999995,3.919544,,-0.04955434782608692,1.4926879329513385,,-1
2021-02-12,58.66580166,9.2058,63.280911,9.93,57.57925631,9.0353,58.62884,9.2,2867258.84,2867258.84,5.506465,3.7627680000000003,,-4.347637059265441e-05,1.758455265051571,,-1
2021-02-11,57.92593119,9.0897,62.08602975,9.7425,55.569944,8.72,58.63138908,9.2004,5694878.77,5694878.77,5.213205,3.6027199999999997,,0.01214521452145223,2.077159771229807,,-1
2021-02-10,49.71024635,7.8005,57.927843,9.09,46.265802,7.26,57.927843,9.09,4419421.79,4419421.79,4.9082,3.45072,,0.16530991603102363,1.4457837808749932,,-1
2021-02-09,50.12192277,7.8651,54.13290015,8.4945,48.113885,7.55,49.71024635,7.8005,4803489.37,4803489.37,4.704005,3.3253719999999998,,-0.00693825588796948,1.1496679251522588,,-1
2021-02-08,42.65311837,6.6931,51.4786706,8.078,41.13832758,6.4554,50.0575585,7.855,6719151.08,6719151.08,4.4926900000000005,3.1995419999999997,,0.17280817009077887,1.0743107637055034,,-1
2021-02-07,39.01303213,6.1219,43.84863689,6.8807,36.643025,5.75,42.68179552,6.6976,5111066.89,5111066.89,4.347150000000001,3.099004,,0.09393221723152312,0.7501829204557333,,-1
2021-02-06,42.69772727,6.7001,43.44970587,6.8181,36.32439,5.7,39.01685575,6.1225,5040208.25,5040208.25,4.232365,3.010582,,-0.08626221923737043,0.787747831926884,,-1
2021-02-05,40.90062587,6.4181,45.52529426,7.1438,40.84008522,6.4086,42.70027635,6.7005,4235525.49,4235525.49,4.068575,2.910172,,0.045564484668799254,1.0632794457274826,,-1
2021-02-04,36.54042453,5.7339,41.69402702,6.5426,35.48064452,5.5676,40.83944795,6.4085,5609382.39,5609382.39,3.910525,2.81766,,0.11819720472509654,0.94662981075909,,-1
2021-02-03,33.4120661,5.243,36.8533241,5.783,32.19041951,5.0513,36.52258097,5.7311,3977458.72,3977458.72,3.7885750000000002,2.7382100000000005,,0.09516347862643548,0.6262130412575904,,-1
2021-02-02,29.40873596,4.6148,34.42914902,5.4026,28.44263464,4.4632,33.34897637,5.2331,5278922.61,5278922.61,3.7031300000000003,2.66544,,0.13398197104966636,0.4394839632502614,,-1
2021-02-01,27.12730936,4.2568,29.4227559,4.617,26.17586525,4.1075,29.40873596,4.6148,2097052.47,2097052.47,3.65416,2.6045460000000005,,0.08519694297472058,0.4878772246582408,,-1
2021-01-31,26.9437756,4.228,30.6208235,4.805,26.4721958,4.154,27.09990675,4.2525,5438870.48,5438870.48,3.596615,2.5493200000000003,,0.005794701986755024,0.23296607712380424,,-1
2021-01-30,24.40807827,3.8301,27.51668133,4.3179,24.00404909,3.7667,26.9437756,4.228,3944655.04,3944655.04,3.557665,2.493538,,0.10411824615464971,0.2498152472730497,,-1
2021-01-29,24.27488884,3.8092,24.9300024,3.912,22.94172,3.6,24.40298011,3.8293,2992168.86,2992168.86,3.5353450000000004,2.448318,,0.005065616797900185,0.18870677345253606,,-1
2021-01-28,23.3495728,3.664,25.235892,3.96,22.94172,3.6,24.279987,3.81,2055425.01,2055425.01,3.5059150000000003,2.4053020000000003,,0.03673469387755102,0.6120160778506452,,-1
2021-01-27,25.75717886,4.0418,25.75972794,4.0422,22.37709878,3.5114,23.4196725,3.675,2491757.82,2491757.82,3.4403400000000004,2.3650640000000003,,-0.09057164068299939,0.8929638405274543,,-1
2021-01-26,23.60193172,3.7036,26.1089519,4.097,23.24633506,3.6478,25.7520807,4.041,6618303.9,6618303.9,3.33536,2.320788,,0.09104163291754408,0.8677204658901831,,-1
2021-01-25,23.12461649,3.6287,25.44491656,3.9928,21.92081346,3.4398,23.60320626,3.7038,6791542.33,6791542.33,3.25835,2.283722,,0.020949335685539472,0.48693243405997855,,-1
2021-01-24,22.31592086,3.5018,24.152533,3.79,22.16488787,3.4781,23.11888106,3.6278,2457759.67,2457759.67,3.201505,2.250756,,0.034179993728441715,0.6657330455943797,,-1
2021-01-23,21.22236554,3.3302,22.94172,3.6,21.06559712,3.3056,22.35479433,3.5079,2269454.7,2269454.7,3.1350050000000005,2.2176679999999998,,0.051781002638522367,0.9489416078671036,,-1
2021-01-22,19.04991211,2.9893,22.29935184,3.4992,16.11974465,2.5295,21.25422904,3.3352,6481502.65,6481502.65,3.05824,2.192898,,0.11548881233486075,0.8105423158351881,,-1
2021-01-21,23.70580673,3.7199,23.84090797,3.7411,18.93775259,2.9717,19.05373573,2.9899,4375407.94,4375407.94,3.00085,2.1755180000000003,,-0.1955281709088953,0.9836130829960856,,-1
2021-01-20,23.12525376,3.6288,23.84218251,3.7413,21.284818,3.34,23.68477682,3.7166,4801640.28,4801640.28,2.8903849999999998,2.1406620000000003,,0.024223551134014976,1.4212377850162867,,-1
2021-01-19,24.13532671,3.7873,25.80816046,4.0498,22.94172,3.6,23.12461649,3.6287,4768719.77,4768719.77,2.7857,2.107418,,-0.04175029048272949,1.1723539272030647,,-1
2021-01-18,24.37111661,3.8243,26.574159,4.17,23.04814409,3.6167,24.13214036,3.7868,6226924.77,6226924.77,2.67988,2.069988,,-0.010452597470471447,1.4959135249143158,,-1
2021-01-17,21.82713477,3.4251,25.41177852,3.9876,21.02991,3.3,24.38704836,3.8268,8531899.81,8531899.81,2.5644,2.031188,,0.11741174409437316,1.9353378844826263,,-1
2021-01-16,20.69789233,3.2479,23.63060887,3.7081,20.68769601,3.2463,21.82458569,3.4247,8562549.63,8562549.63,2.4583500000000003,1.999914,,0.0545650500384911,1.5831196258862574,,-1
2021-01-15,20.97956567,3.2921,21.97880503,3.4489,18.87466286,2.9618,20.69534325,3.2475,4812542.83,4812542.83,2.362265,1.973186,,-0.01354758360924635,1.2452295353982303,,-1
2021-01-14,22.45930661,3.5243,22.91304285,3.5955,20.27410778,3.1814,20.97956567,3.2921,6422109.73,6422109.73,2.26998,1.9526659999999998,,-0.06585891833607627,1.4185277696150456,,-1
2021-01-13,23.16731358,3.6354,23.1775099,3.637,20.79603191,3.2633,22.45866934,3.5242,5123655.8,5123655.8,2.16183,1.927828,,-0.03058810584804983,1.9417362270450753,,-1
2021-01-12,19.76556632,3.1016,24.726076,3.88,19.4877166,3.058,23.16731358,3.6354,7075911.68,7075911.68,2.0399599999999998,1.900692,,0.17210472014444167,1.4398657718120806,,-1
2021-01-11,21.95713785,3.4455,22.48416014,3.5282,16.43837965,2.5795,19.76556632,3.1016,8734261.68,8734261.68,1.9593800000000001,1.8816879999999998,,-0.10072484778196578,1.023090470288957,,-1
2021-01-10,21.49766618,3.3734,23.90845859,3.7517,20.10969212,3.1556,21.9794423,3.449,5819813.51,5819813.51,1.863585,1.860352,,0.019539448402258408,1.20594819315638,,-1
2021-01-09,20.4691124,3.212,23.57771546,3.6998,18.672011,2.93,21.55820683,3.3829,9881188.65,9881188.65,1.772615,1.83476,,0.05013348233687198,1.0248398874723166,,-1
2021-01-08,15.07462185,2.3655,24.21626,3.8,13.8606225,2.175,20.52901578,3.2214,29866396.67,29866396.67,1.6950800000000001,1.812032,,0.362978633382695,0.8933819207711295,,-1
2021-01-07,12.36558708,1.9404,16.887655,2.65,12.24450578,1.9214,15.06187645,2.3635,30861006.24,30861006.24,1.661975,1.807068,,0.2174204182548678,0.4068452380952383,,-1
2021-01-06,13.78797372,2.1636,13.9498403,2.189,12.11896359,1.9017,12.37195978,1.9414,8451529.47,8451529.47,1.6489049999999998,1.812236,,-0.10269920502865604,0.08890010656795111,,-1
2021-01-05,15.87503297,2.4911,15.99101611,2.5093,13.14114467,2.0621,13.78797372,2.1636,6702006.99,6702006.99,1.62987,1.8142159999999998,,-0.13139828977478007,0.23029682702149445,,-1
2021-01-04,13.88547603,2.1789,15.92474003,2.4989,11.853222,1.86,15.87375843,2.4909,7800814.8,7800814.8,1.593255,1.805212,,0.14371642407824048,0.5620845353066599,,-1
2021-01-03,11.46958546,1.7998,15.167026,2.38,11.45365371,1.7973,13.87910333,2.1779,8318341.13,8318341.13,1.56409,1.8000180000000001,,0.21001166731485088,0.3871091013311254,,-1
2021-01-02,11.73915067,1.8421,12.7454,2.0,10.90751332,1.7116,11.47022273,1.7999,5253819.62,5253819.62,1.5526,1.8043019999999999,,-0.022908636881819655,0.2070144849785407,,-1
2021-01-01,9.61512976,1.5088,11.853222,1.86,9.5526773,1.499,11.73915067,1.8421,4421991.45,4421991.45,1.535055,1.8056379999999999,,0.2221190207656074,0.28021405240113983,,-1
2020-12-31,9.77380999,1.5337,9.89234221,1.5523,9.049234,1.42,9.60557071,1.5073,2169627.35,2169627.35,1.531635,1.8154919999999999,,-0.018045602605863076,-0.0388956194605623,,-1
2020-12-30,10.66407618,1.6734,10.77177481,1.6903,9.70880845,1.5235,9.7820945,1.535,2171296.28,2171296.28,1.5333,1.8301139999999998,,-0.08105842911877403,-0.07485535197685633,,-1
2020-12-29,9.67821949,1.5187,11.0566345,1.735,9.16904076,1.4388,10.64495808,1.6704,4870104.61,4870104.61,1.53274,1.837304,,0.10097548114948585,0.004389393301665656,,-1
2020-12-28,8.31063807,1.3041,9.70116121,1.5223,8.19975309,1.2867,9.66866044,1.5172,2158620.57,2158620.57,1.540035,1.850076,,0.1637646697859938,-0.16965849387040277,,-1
2020-12-27,8.4374548,1.324,9.0301159,1.417,8.03979832,1.2616,8.30808899,1.3037,2170898.45,2170898.45,1.56621,1.8644319999999999,,-0.01666918087192637,-0.29548770602539853,,-1
2020-12-26,9.23276776,1.4488,9.23850319,1.4497,8.35970786,1.3118,8.44892566,1.3258,912192.33,912192.33,1.592445,1.875916,,-0.08337942477876092,-0.3302349078050012,,-1
2020-12-25,8.69300007,1.3641,9.30350473,1.4599,8.55025159,1.3417,9.21747328,1.4464,1391332.89,1391332.89,1.6191,1.875002,,0.06259183073758434,-0.2196385217156731,,-1
2020-12-24,7.63895549,1.1987,8.85040576,1.3888,7.42547004,1.1652,8.67451924,1.3612,1784967.07,1784967.07,1.6437149999999998,1.875602,,0.13622704507512529,-0.350789335622645,,-1
2020-12-23,9.495323,1.49,9.63934602,1.5126,6.56451827,1.0301,7.6344946,1.198,4351555.9,4351555.9,1.6886499999999998,1.879878,,-0.19597315436241614,-0.4351454571172615,,-1
2020-12-22,9.78464358,1.5354,10.06822873,1.5799,9.367869,1.47,9.495323,1.49,2035459.3,2035459.3,1.7201949999999997,1.879554,,-0.028112973713391165,-0.24511095349072853,,-1
2020-12-21,9.94459835,1.5605,10.323774,1.62,9.495323,1.49,9.76998637,1.5331,1265977.95,1265977.95,1.74223,1.881052,,-0.019443556124080552,-0.2203915586066616,,-1
2020-12-20,10.64623262,1.6706,10.76285303,1.6889,9.6928767,1.521,9.96371645,1.5635,1368277.59,1368277.59,1.7623799999999998,1.880776,,-0.06416472137427431,-0.18367879705529166,,-1
2020-12-19,10.82530549,1.6987,11.26502179,1.7677,10.57549565,1.6595,10.64686989,1.6707,1332107.96,1332107.96,1.7746099999999998,1.8761240000000001,,-0.01804396379452211,-0.11453254186983253,,-1
2020-12-18,10.68638063,1.6769,10.88265979,1.7077,10.39196189,1.6307,10.84251178,1.7014,1127224.49,1127224.49,1.78388,1.8707500000000001,,0.012738095238095326,-0.08576034390112841,,-1
2020-12-17,11.343406,1.78,11.51164528,1.8064,10.43975714,1.6382,10.706136,1.68,2528060.41,2528060.41,1.7929299999999997,1.86751,,-0.05771495877502941,-0.1209251216576841,,-1
2020-12-16,11.20129479,1.7577,11.41924113,1.7919,10.21225175,1.6025,11.36188683,1.7829,3098111.32,3098111.32,1.7993400000000002,1.866072,,0.013817809621289756,-0.21322977803274346,,-1
2020-12-15,10.1580838,1.594,11.49571353,1.8039,10.11666125,1.5875,11.20703022,1.7586,3562068.86,3562068.86,1.8247149999999999,1.8644980000000002,,0.10284710899285088,-0.229461508127766,,-1
2020-12-14,9.97391277,1.5651,10.35754931,1.6253,9.70179848,1.5224,10.16190742,1.5946,1503571.44,1503571.44,1.8591000000000002,1.868458,,0.015604101649576485,-0.30018432370753967,,-1
2020-12-13,9.50105843,1.4909,10.83359,1.7,9.29012206,1.4578,10.00577627,1.5701,1749534.43,1749534.43,1.8945250000000002,1.8753400000000002,,0.05291040772532196,-0.27019615134331143,,-1
2020-12-12,9.15629536,1.4368,9.80248714,1.5382,9.15502082,1.4366,9.50297024,1.4912,1423640.73,1423640.73,1.927535,1.884696,,0.03634720967405647,-0.374024011418017,,-1
2020-12-11,10.02999253,1.5739,10.05229698,1.5774,9.13080456,1.4328,9.16967803,1.4389,1429080.75,1429080.75,1.9747,1.895082,,-0.0825097239048651,-0.31588456235439544,,-1
2020-12-10,10.57804473,1.6599,10.61946728,1.6664,9.81077165,1.5395,9.99430541,1.5683,1061425.89,1061425.89,2.0014499999999997,1.90149,,-0.054785438765670214,-0.24781774580335725,,-1
2020-12-09,10.578682,1.66,10.69147879,1.6777,9.55905,1.5,10.57358384,1.6592,2093499.32,2093499.32,2.0227399999999998,1.906006,,-0.002345018339245941,-0.21561953387226396,,-1
2020-12-08,11.66267827,1.8301,11.66267827,1.8301,10.33078397,1.6211,10.59843737,1.6631,2296665.59,2296665.59,2.04535,1.9139279999999999,,-0.08980954465849378,-0.24397672515683255,,-1
2020-12-07,11.79905405,1.8515,12.1017573,1.899,11.52693976,1.8088,11.64419744,1.8272,962743.7,962743.7,2.06398,1.921684,,-0.012591191569846005,-0.19243348360293466,,-1
2020-12-06,12.61475965,1.9795,12.68613389,1.9907,11.44282012,1.7956,11.79268135,1.8505,1125736.37,1125736.37,2.0845849999999997,1.92878,,-0.06516797171002775,-0.09320331258881764,,-1
2020-12-05,11.79395589,1.8507,12.6370641,1.983,11.598314,1.82,12.61475965,1.9795,1087998.4,1087998.4,2.0876449999999998,1.931986,,0.06797949824656069,0.03195704306120328,,-1
2020-12-04,13.36164009,2.0967,13.46105421,2.1123,11.7002772,1.836,11.81179945,1.8535,1424943.39,1424943.39,2.09088,1.94028,,-0.1159917966328039,-0.07973784817039875,,-1
2020-12-03,13.5037513,2.119,14.19773833,2.2279,13.2169798,2.074,13.36164009,2.0967,3182362.33,3182362.33,2.08675,1.94456,,-0.011410250365410879,0.09838126669809832,,-1
2020-12-02,12.55549354,1.9702,14.08239246,2.2098,12.32034091,1.9333,13.51585943,2.1209,2203748.48,2203748.48,2.0761499999999997,1.950266,,0.07452629445739167,0.06044999999999989,,-1
2020-12-01,12.51662007,1.9641,13.64012708,2.1404,12.21519136,1.9168,12.57843526,1.9738,2102911.64,2102911.64,2.07746,1.962462,,0.0037121789982201836,-0.12898812938528736,,-1
2020-11-30,12.22538768,1.9184,12.86138314,2.0182,12.12979718,1.9034,12.53191455,1.9665,1094620.01,1094620.01,2.0924400000000003,1.971586,,0.026732104631128184,-0.031233065668259563,,-1
2020-11-29,12.01763766,1.8858,12.4076469,1.947,11.789495,1.85,12.20563231,1.9153,862711.64,862711.64,2.09817,1.981278,,0.015104939580241616,-0.1115595138695612,,-1
2020-11-28,11.88126188,1.8644,12.363038,1.94,11.48105632,1.8016,12.02401036,1.8868,1381390.77,1381390.77,2.11162,1.99417,,0.01386351423965615,-0.06663368785555279,,-1
2020-11-27,12.18269059,1.9117,13.000308,2.04,11.27585538,1.7694,11.8595947,1.861,1802241.32,1802241.32,2.1196450000000002,2.004226,,-0.02621526869342261,-0.020526315789473615,,-1
2020-11-26,14.43607731,2.2653,14.72157427,2.3101,10.96869124,1.7212,12.17886697,1.9111,6803274.72,6803274.72,2.11909,2.012014,,-0.15665681126163888,0.3643892339544512,,-1
2020-11-25,14.52656965,2.2795,15.868023,2.49,13.83067081,2.1703,14.44117547,2.2661,3597681.61,3597681.61,2.07582,2.010172,,-0.007098102791044281,0.6288815411155835,,-1
2020-11-24,14.52083422,2.2786,15.76032437,2.4731,13.59806726,2.1338,14.54441321,2.2823,3534792.04,3534792.04,2.031265,2.01757,,0.0016238040902309958,0.6165887519478681,,-1
2020-11-23,13.7714047,2.161,15.06187645,2.3635,13.4591424,2.112,14.52083422,2.2786,2094160.76,2094160.76,1.987925,2.022402,,0.05912429115924511,0.5460713801058488,,-1
2020-11-22,15.18295775,2.3825,15.42257127,2.4201,13.000308,2.04,13.71022678,2.1514,2448127.25,2448127.25,1.954045,2.030252,,-0.09688523213835942,0.33793532338308463,,-1
2020-11-21,13.38203273,2.0999,15.995477,2.51,12.96908177,2.0351,15.18104594,2.3822,2963489.5,2963489.5,1.915335,2.035072,,0.13260115057290922,0.5372007485319739,,-1
2020-11-20,13.28134407,2.0841,14.26656349,2.2387,13.07741767,2.0521,13.40369991,2.1033,1589414.51,1589414.51,1.887655,2.050344,,0.008776978417266212,0.4625547597524511,,-1
2020-11-19,13.46041694,2.1122,13.92307496,2.1848,12.83206872,2.0136,13.2870795,2.085,1391861.95,1391861.95,1.85531,2.066578,,-0.014324209332009619,0.4552941997626858,,-1
2020-11-18,13.99572374,2.1962,14.13018771,2.2173,12.74603727,2.0001,13.48017231,2.1153,2054379.16,2054379.16,1.82118,2.083282,,-0.038412582962087605,0.3934782608695653,,-1
2020-11-17,14.44372455,2.2665,14.848391,2.33,13.5419875,2.125,14.01866546,2.1998,2311120.85,2311120.85,1.7870900000000003,2.098484,,-0.027755679306991854,0.28568088836937466,,-1
2020-11-16,12.9939353,2.039,15.103299,2.37,12.65490766,1.9858,14.41887102,2.2626,3192029.56,3192029.56,1.7595100000000001,2.116388,,0.10873719802028714,0.34686588487409975,,-1
2020-11-15,12.23813308,1.9204,14.1346486,2.218,12.19288691,1.9133,13.00476889,2.0407,3348186.49,3348186.49,1.74147,2.1381479999999997,,0.06386195391512883,0.13840232065156766,,-1
2020-11-14,12.88687394,2.0222,12.98373898,2.0374,11.9105763,1.869,12.22411314,1.9182,1191847.42,1191847.42,1.73519,2.163658,,-0.04761431905069269,0.002089645805036122,,-1
2020-11-13,12.16484703,1.9089,13.26031416,2.0808,12.10621819,1.8997,12.83525507,2.0141,1595684.08,1595684.08,1.7301950000000001,2.186242,,0.05511027293205517,0.02812659520163341,,-1
2020-11-12,12.7454,2.0,13.127762,2.06,11.6301775,1.825,12.16484703,1.9089,1522310.89,1522310.89,1.7327000000000001,2.20516,,-0.04554999999999998,-0.02517618220815032,,-1
2020-11-11,14.44372455,2.2665,14.65721,2.3,12.53701271,1.9673,12.7454,2.0,1863686.19,1863686.19,1.73061,2.223324,,-0.11742641542738619,0.058929422354000005,,-1
2020-11-10,12.98947441,2.0383,14.82098839,2.3257,12.7963816,2.008,14.44117547,2.2661,2119423.36,2119423.36,1.71174,2.233346,,0.11636041184294776,0.2021750663129973,,-1
2020-11-09,13.71086405,2.1515,14.01420457,2.1991,12.39872512,1.9456,12.93594373,2.0299,3050443.52,3050443.52,1.704495,2.2500039999999997,,-0.05840059374710094,-0.014228826728826749,,-1
2020-11-08,12.91363928,2.0264,14.54568775,2.2825,12.49559016,1.9608,13.73826666,2.1558,4800345.92,4800345.92,1.699665,2.267508,,0.06643581498886975,-0.02672686230248289,,-1
2020-11-07,12.15210163,1.9069,15.91581825,2.4975,11.64674652,1.8276,12.88241305,2.0215,8862610.63,8862610.63,1.7093399999999999,2.289366,,0.06394736842105275,-0.08334466965945664,,-1
2020-11-06,8.9408981,1.403,12.41529414,1.9482,8.88736742,1.3946,12.10813,1.9,3846546.9,3846546.9,1.724605,2.309024,,0.3564646248304417,-0.11206654827553986,,-1
2020-11-05,8.85486665,1.3895,9.51316656,1.4928,8.28451,1.3,8.92624089,1.4007,1598492.56,1598492.56,1.76156,2.331664,,0.006828637147786143,-0.3824618640331541,,-1
2020-11-04,9.00016421,1.4123,9.01354688,1.4144,8.11435891,1.2733,8.86570024,1.3912,2560523.86,2560523.86,1.8054100000000002,2.36243,,-0.0145913018841195,-0.39793136279049646,,-1
2020-11-03,9.38634983,1.4729,9.4570868,1.484,8.96129074,1.4062,8.99697786,1.4118,983164.88,983164.88,1.850355,2.399476,,-0.042068123218889975,-0.4132657301969912,,-1
2020-11-02,10.24475252,1.6076,10.47162064,1.6432,9.31752467,1.4621,9.39208526,1.4738,867738.07,867738.07,1.8969749999999999,2.435206,,-0.08345771144278613,-0.42955565877070756,,-1
2020-11-01,9.87577319,1.5497,10.49137601,1.6463,9.64635599,1.5137,10.2473016,1.608,960664.24,960664.24,1.9457550000000001,2.469678,,0.03762018455184868,-0.336277706690882,,-1
2020-10-31,9.16585441,1.4383,9.9286666,1.558,9.09129382,1.4266,9.87577319,1.5497,851989.58,851989.58,1.989405,2.5066140000000003,,0.07760239204505948,-0.3542647610317097,,-1
2020-10-30,9.13080456,1.4328,9.38443802,1.4726,8.38838501,1.3163,9.16457987,1.4381,1401628.09,1401628.09,2.0374950000000003,2.5473739999999996,,0.003769107279960826,-0.43189539385320386,,-1
2020-10-29,9.66483682,1.5166,10.03955158,1.5754,9.01609596,1.4148,9.13016729,1.4327,1233628.05,1233628.05,2.09243,2.590722,,-0.056192358366271344,-0.3938996531009391,,-1
2020-10-28,10.88712068,1.7084,10.99609385,1.7255,9.24551316,1.4508,9.6737586,1.518,3354618.28,3354618.28,2.1347199999999997,2.6097219999999997,,-0.11279953243717122,-0.3401434470767224,,-1
2020-10-27,10.68765517,1.6771,11.152225,1.75,10.13641662,1.5906,10.9036897,1.711,2591095.37,2591095.37,2.164195,2.633976,,0.01851300672659084,-0.21297148114075426,,-1
2020-10-26,11.42306475,1.7925,11.90738995,1.8685,10.27342967,1.6121,10.70549873,1.6799,2021871.84,2021871.84,2.1889000000000003,2.66226,,-0.06286957491911194,-0.36660131211824154,,-1
2020-10-25,12.21965225,1.9175,12.26362388,1.9244,11.215952,1.76,11.42370202,1.7926,1365865.99,1365865.99,2.23188,2.6785119999999996,,-0.06352523247309583,-0.2887072454567098,,-1
2020-10-24,12.52363004,1.9652,12.5733371,1.973,11.980676,1.88,12.19862234,1.9142,748093.83,748093.83,2.26218,2.7108299999999996,,-0.022868810617662105,-0.24753331498879672,,-1
2020-10-23,12.46882482,1.9566,12.68294754,1.9902,11.789495,1.85,12.4841193,1.959,1559992.35,1559992.35,2.291425,2.7417519999999995,,0.0004085384536820502,-0.2532021957913998,,-1
2020-10-22,12.02401036,1.8868,13.318943,2.09,11.77738687,1.8481,12.47902114,1.9582,1624778.09,1624778.09,2.324675,2.7859880000000006,,0.03679779742680145,-0.31696257281384066,,-1
2020-10-21,12.02719671,1.8873,13.446397,2.11,11.73532705,1.8415,12.03611849,1.8887,3222724.75,3222724.75,2.373585,2.835008,,0.0019628647214853245,-0.34798218662616076,,-1
2020-10-20,13.09717304,2.0552,13.4336516,2.108,11.72640527,1.8401,12.0125395,1.885,1933167.04,1933167.04,2.42417,2.892178,,-0.08459595959595967,-0.361125233011354,,-1
2020-10-19,14.10724599,2.2137,14.11425596,2.2148,13.064035,2.05,13.12266384,2.0592,909217.19,909217.19,2.4687349999999997,2.9396119999999994,,-0.07033860045146711,-0.3043008209736815,,-1
2020-10-18,14.03969537,2.2031,14.39911565,2.2595,13.86890701,2.1763,14.1155305,2.215,478921.26,478921.26,2.50598,2.974382,,0.004398494535890807,-0.2985622902020394,,-1
2020-10-17,13.62100898,2.1374,14.31435874,2.2462,13.45085789,2.1107,14.05371531,2.2053,482249.55,482249.55,2.553605,3.0104019999999996,,0.03061033741471153,-0.29513855594975547,,-1
2020-10-16,14.43289096,2.2648,14.4596563,2.269,13.42791617,2.1071,13.63630346,2.1398,1546650.13,1546650.13,2.60305,3.0366080000000006,,-0.05660876465920117,-0.3299934245545918,,-1
2020-10-15,14.72603516,2.3108,14.96628595,2.3485,13.97660564,2.1932,14.45455814,2.2682,754909.09,754909.09,2.649325,3.062612,,-0.018392694854373115,-0.278401679763306,,-1
2020-10-14,15.33335347,2.4061,15.56468248,2.4424,14.23087637,2.2331,14.72539789,2.3107,1125385.85,1125385.85,2.6909549999999998,3.0813980000000005,,-0.03968913639763938,-0.1905912848535799,,-1
2020-10-13,16.45813502,2.5826,16.48426309,2.5867,14.8866272,2.336,15.33399074,2.4062,1951031.1,1951031.1,2.7133849999999997,3.100084,,-0.06866387985756306,-0.172615363455058,,-1
2020-10-12,15.43977756,2.4228,17.23432988,2.7044,15.37859964,2.4132,16.46450772,2.5836,2155387.01,2155387.01,2.729615,3.1134120000000003,,0.06641350559293357,-0.06634865568083248,,-1
2020-10-11,15.28683276,2.3988,15.68130289,2.4607,14.91275527,2.3401,15.43914029,2.4227,898764.08,898764.08,2.7468399999999997,3.1252099999999996,,0.009500395849826981,-0.15373061338549676,,-1
2020-10-10,16.10636198,2.5274,16.60470712,2.6056,15.21354671,2.3873,15.29384273,2.3999,1278940.27,1278940.27,2.7699849999999997,3.1358460000000004,,-0.05194753891127435,-0.2082151105245793,,-1
2020-10-09,15.09437722,2.3686,16.760201,2.63,14.6763281,2.303,16.13185278,2.5314,1878523.79,1878523.79,2.794965,3.149294,,0.0709027836534395,-0.18719496532237345,,-1
2020-10-08,14.65784727,2.3001,15.65708663,2.4569,12.82378421,2.0123,15.06378826,2.3638,2759189.94,2759189.94,2.832495,3.159754,,0.027515757444033895,-0.18006174338339864,,-1
2020-10-07,13.84214167,2.1721,15.34737341,2.4083,13.2615887,2.081,14.66039635,2.3005,2087951.2,2087951.2,2.861615,3.1805579999999996,,0.058187672493100306,-0.09168081494057734,,-1
2020-10-06,16.87873322,2.6486,16.95393108,2.6604,13.573851,2.13,13.8542498,2.174,1784025.33,1784025.33,2.87955,3.199278,,-0.1803031445592339,-0.25789383853899983,,-1
2020-10-05,16.04709587,2.5181,17.0979541,2.683,15.65198847,2.4561,16.90167494,2.6522,912587.17,912587.17,2.893415,3.214004,,0.052376795492421246,-0.18746361937440637,,-1
2020-10-04,16.1994034,2.542,16.50401846,2.5898,15.421934,2.42,16.06047854,2.5202,765399.21,765399.21,2.93061,3.2270600000000003,,-0.009316403946695972,-0.22700364997086153,,-1
2020-10-03,16.71622937,2.6231,17.02020716,2.6708,16.15861812,2.5356,16.21151153,2.5439,547025.23,547025.23,2.96643,3.24438,,-0.030230253125953177,-0.2364329451314684,,-1
2020-10-02,18.26861909,2.8667,18.39989671,2.8873,15.421934,2.42,16.71686664,2.6232,2788493.11,2788493.11,3.00185,3.266516,,-0.08500470891904133,-0.22767554835860437,,-1
2020-10-01,18.45980009,2.8967,19.04736303,2.9889,16.887655,2.65,18.26989363,2.8669,1373061.59,1373061.59,3.02833,3.284294,,-0.010287568612559195,-0.17525387647075752,,-1
2020-09-30,18.76568969,2.9447,19.01486226,2.9838,17.98885756,2.8228,18.45980009,2.8967,722757.83,722757.83,3.0573,3.29233,,-0.0182341975936281,-0.1953834615705119,,-1
2020-09-29,18.83069123,2.9549,19.2901629,3.027,18.31195345,2.8735,18.80265135,2.9505,950875.56,950875.56,3.08978,,,-0.0031757829656408054,0.19550243111831445,,-1
2020-09-28,20.11032939,3.1557,20.46210243,3.2109,18.5318116,2.908,18.86255473,2.9599,1306134.15,1306134.15,3.0651850000000005,,,-0.06267021343973644,0.012381571296644633,,-1
2020-09-27,19.94145284,3.1292,20.30151039,3.1857,19.00275413,2.9819,20.12371206,3.1578,983815.86,983815.86,3.05348,,,0.009300987630645352,0.020587569891082902,,-1
2020-09-26,20.2970495,3.185,20.711275,3.25,19.309281,3.03,19.93826649,3.1287,1357018.72,1357018.72,3.0517499999999997,,,-0.02035256912045602,0.20094426531552267,,-1
2020-09-25,20.01601343,3.1409,20.88078882,3.2766,18.48274181,2.9003,20.35249199,3.1937,2447843.22,2447843.22,3.022325,,,0.016034104285305384,-0.09529475085691619,,-1
2020-09-24,18.1940585,2.855,20.75652117,3.2571,17.71865508,2.7804,20.03130791,3.1433,2983701.04,2983701.04,3.041665,,,0.10105786745131007,-0.10322102079826545,,-1
2020-09-23,18.59808768,2.9184,19.691643,3.09,17.20692727,2.7001,18.19278396,2.8548,2762150.96,2762150.96,3.0741799999999997,,,-0.018361873323705313,-0.31539568345323743,,-1
2020-09-22,17.57017117,2.7571,19.18628789,3.0107,16.887655,2.65,18.53308614,2.9082,3416786.33,3416786.33,3.13727,,,0.05095403295750223,-0.32986151116436613,,-1
2020-09-21,18.24376556,2.8628,19.37109619,3.0397,15.73355903,2.4689,17.63453544,2.7672,3567879.31,3567879.31,3.2158950000000006,,,-0.03339388011736766,-0.4166332876567935,,-1
2020-09-20,19.25575032,3.0216,19.32138913,3.0319,17.20629,2.7,18.24376556,2.8628,1456628.58,1456628.58,3.30993,,,-0.05549323655559224,-0.35390101333814805,,-1
2020-09-19,19.80890068,3.1084,20.73995215,3.2545,18.84025028,2.9564,19.3156537,3.031,1586219.86,1586219.86,3.379925,,,-0.026778833804263935,-0.23333754900720882,,-1
2020-09-18,18.3724941,2.883,20.137732,3.16,17.3719802,2.726,19.84713688,3.1144,4169446.23,4169446.23,3.4218800000000003,,,0.08030108571230365,-0.22262436662256957,,-1
2020-09-17,16.17136352,2.5376,18.72872803,2.9389,15.039572,2.36,18.37185683,2.8829,4635747.31,4635747.31,3.4780500000000005,,,0.13827140995775244,-0.16440103185414923,,-1
2020-09-16,18.66436376,2.9288,18.66755011,2.9293,15.47419014,2.4282,16.14013729,2.5327,4886766.99,4886766.99,3.5239199999999995,,,-0.13544973544973538,-0.2902421253222732,,-1
2020-09-15,20.8004928,3.264,21.18859023,3.3249,18.45215285,2.8955,18.66882465,2.9295,1698391.09,1698391.09,3.555865,,,-0.10250911430409604,-0.09861538461538466,,-1
2020-09-14,20.81068912,3.2656,22.55489711,3.5393,19.59732704,3.0752,20.80113007,3.2641,3351649.61,3351649.61,3.55516,,,0.0011655369137808513,-0.022870827720401166,,-1
2020-09-13,21.27589622,3.3386,22.113269,3.47,19.01486226,2.9838,20.77691381,3.2603,2024779.41,2024779.41,3.5591700000000004,,,-0.02140112858686516,0.003169230769230813,,-1
2020-09-12,21.64615009,3.3967,22.113269,3.47,20.07018138,3.1494,21.23128732,3.3316,1161542.47,1161542.47,3.55509,,,-0.019107905196525943,0.10588860120825871,,-1
2020-09-11,22.11772989,3.4707,22.32739172,3.5036,19.31947732,3.0316,21.64487555,3.3965,2227636.94,2227636.94,3.535895,,,-0.022899226144242113,0.15854282498209216,,-1
2020-09-10,23.00990789,3.6107,24.6942125,3.875,21.0554008,3.304,22.15214247,3.4761,4356890.66,4356890.66,3.508675,,,-0.034443487680897666,0.0849928210250328,,-1
2020-09-09,15.7278236,2.468,24.75029226,3.8838,15.18040867,2.3821,22.94235727,3.6001,6691121.99,6691121.99,3.48886,,,0.45871150729335497,0.24709020368574186,,-1
2020-09-08,18.63186299,2.9237,18.79882773,2.9499,15.29448,2.4,15.7278236,2.468,1626389.7,1626389.7,3.5098,,,-0.15586414474809318,-0.26123267578651177,,-1
2020-09-07,19.61835695,3.0785,20.38180641,3.1983,15.167026,2.38,18.63186299,2.9237,2680083.17,2680083.17,3.5306500000000005,,,-0.05507255744804629,-0.059903536977491845,,-1
2020-09-06,16.64485513,2.6119,20.265186,3.18,14.38637025,2.2575,19.71777107,3.0941,2898758.91,2898758.91,3.531445,,,0.18766313526792566,-0.08688210122473072,,-1
2020-09-05,22.49626827,3.5301,23.34766099,3.6637,13.33551202,2.0926,16.60215804,2.6052,4426267.38,4426267.38,3.57061,,,-0.2620039092376987,-0.17894736842105263,,-1
2020-09-04,22.34396074,3.5062,24.43675542,3.8346,20.22631253,3.1739,22.49626827,3.5301,2052197.24,2052197.24,3.552755,,,0.007132464123705384,0.0352503005953253,,-1
2020-09-03,26.574159,4.17,28.4158693,4.459,22.15915244,3.4772,22.33695077,3.5051,3275612.26,3275612.26,3.5479949999999993,,,-0.1594484412470023,-0.0602949061662198,,-1
2020-09-02,27.53834851,4.3213,27.72506862,4.3506,23.324082,3.66,26.574159,4.17,2002058.36,2002058.36,3.5259949999999995,,,-0.03910408553586653,0.11028276266041859,,-1
2020-09-01,30.22699064,4.7432,31.52893325,4.9475,27.40261,4.3,27.65560619,4.3397,1267574.76,1267574.76,3.4968000000000004,,,-0.08512701591651739,0.31565863271183847,,-1
2020-08-31,28.12081329,4.4127,31.14019855,4.8865,26.12807,4.1,30.22890245,4.7435,1497129.12,1497129.12,3.42455,,,0.07055000112843879,,,-1
2020-08-30,25.19192037,3.9531,30.02625059,4.7117,24.85353,3.9,28.23679643,4.4309,1815681.99,1815681.99,,,,0.12075376248893388,,,-1
2020-08-29,25.5354089,4.007,26.20517967,4.1121,24.05566796,3.7748,25.19446945,3.9535,1342844.2,1342844.2,,,,-0.013179242692759052,,,-1
2020-08-28,21.98772681,3.4503,27.46060157,4.3091,21.98772681,3.4503,25.53094801,4.0063,2581936.84,2581936.84,,,,0.16121271847192853,,,-1
2020-08-27,22.65940939,3.5557,24.58269025,3.8575,20.66921518,3.2434,21.98645227,3.4501,2412974.8,2412974.8,,,,-0.033152112991817084,,,-1
2020-08-26,20.75970752,3.2576,24.21562273,3.7999,20.27092143,3.1809,22.74034268,3.5684,2290030.56,2290030.56,,,,0.09796923076923081,,,-1
2020-08-25,21.28864162,3.3406,21.44668458,3.3654,19.11873727,3.0001,20.711275,3.25,1149187.37,1149187.37,,,,-0.027091752731627006,,,-1
2020-08-24,20.81196366,3.2658,23.069174,3.62,20.456367,3.21,21.28800435,3.3405,1315196.06,1315196.06,,,,0.027846153846153854,,,-1
2020-08-23,19.26084848,3.0224,21.66718,3.4,19.12702178,3.0014,20.711275,3.25,1198036.69,1198036.69,,,,0.07880236340702385,,,-1
2020-08-22,18.61656851,2.9213,20.39264,3.2,17.48095337,2.7431,19.19839602,3.0126,1169417.78,1169417.78,,,,0.0275949108026059,,,-1
2020-08-21,20.41685626,3.2038,20.647548,3.24,18.417103,2.89,18.68284459,2.9317,1131895.9,1131895.9,,,,-0.08493039515575251,,,-1
2020-08-20,18.45661374,2.8962,21.9539515,3.445,18.39862217,2.8871,20.41685626,3.2038,1277827.32,1277827.32,,,,0.10981017043092711,,,-1
2020-08-19,21.2465818,3.334,22.240723,3.49,17.84356,2.8,18.39671036,2.8868,1433243.76,1433243.76,,,,-0.135869727901338,,,-1
2020-08-18,19.819097,3.11,23.63761884,3.7092,17.91047335,2.8105,21.28927889,3.3407,2713115.94,2713115.94,,,,0.07418006430868163,,,-1
2020-08-17,21.59389395,3.3885,21.63659104,3.3952,19.75537,3.1,19.819097,3.11,729413.64,729413.64,,,,-0.08218975948059615,,,-1
2020-08-16,20.2205771,3.173,22.24518389,3.4907,19.882824,3.12,21.59389395,3.3885,668106.53,668106.53,,,,0.06791679798298134,,,-1
2020-08-15,21.78252587,3.4181,23.833898,3.74,20.074005,3.15,20.2205771,3.173,1070233.2,1070233.2,,,,-0.06947417812839085,,,-1
2020-08-14,23.71090489,3.7207,24.00978452,3.7676,21.1637367,3.321,21.73026973,3.4099,1474161.79,1474161.79,,,,-0.08581769436997322,,,-1
2020-08-13,23.897625,3.75,26.37469349,4.1387,22.30636181,3.5003,23.770171,3.73,1685759.24,1685759.24,,,,-0.006869375366100439,,,-1
2020-08-12,21.02035095,3.2985,25.03770103,3.9289,19.627916,3.08,23.93458666,3.7558,1737042.95,1737042.95,,,,0.13863877520084866,,,-1
2020-08-11,18.162195,2.85,22.43700216,3.5208,18.11949791,2.8433,21.02035095,3.2985,1552384.78,1552384.78,,,,,,,-1
